{
  "beta": 0.001,
  "test_losses": [
    0.8440474555151803,
    0.6416686200414385,
    0.563215573992048,
    0.5211243867874146,
    0.4993482381275722,
    0.479065041405814,
    0.47352840982164657,
    0.4663987100805555,
    0.47067926148005895,
    0.46350363990238735,
    0.46013008417401996,
    0.4546321111747197,
    0.44735096876961844,
    0.4567201797962189,
    0.46182162952423095,
    0.45438868846212116,
    0.4632656410762242,
    0.463243314743042,
    0.4623082046508789,
    0.46480410235268727,
    0.4612739385877337,
    0.47223190920693536,
    0.4616756058761052,
    0.45881661885125297,
    0.4637515156609672,
    0.4731421070780073,
    0.467425265789032,
    0.46271416398457116,
    0.47508656433650426,
    0.48435547256469724,
    0.4922442743097033,
    0.4748904773167201,
    0.47362660431861875,
    0.4853833384513855,
    0.4737963387625558,
    0.4836203459330968,
    0.48322056320735385,
    0.47799705130713327,
    0.4789609755788531,
    0.48980444737843104,
    0.4864402952534812,
    0.48846712003435405,
    0.4826599361555917,
    0.483964916569846,
    0.48556461838313514,
    0.49989577715737477,
    0.493404638835362,
    0.49169860247203284,
    0.492868385893958,
    0.49732519701548983,
    0.48923822494915553,
    0.5012648993219648,
    0.4919893388066973,
    0.49494104296820507,
    0.5140549409048898,
    0.4909843489101955,
    0.4906798470360892,
    0.5119164179052625,
    0.4964323649406433,
    0.5068526641300747,
    0.4941133985519409,
    0.49812063346590313,
    0.5160225671359471,
    0.5025744724954878,
    0.49837139129638675,
    0.5013964195932661,
    0.5051517213412694,
    0.507985679081508,
    0.5074141931193216,
    0.5039738385677338,
    0.502748164994376,
    0.508795832327434,
    0.5124969994000026,
    0.5075838325364249,
    0.5162319396563939,
    0.5162352385520935,
    0.5100306514331273,
    0.5027435512542725,
    0.5067342935630254,
    0.5083585429532187,
    0.5122549426896231,
    0.5157560533796038,
    0.5171802344662803,
    0.5106373817239489,
    0.518657034601484,
    0.5151652414458139,
    0.5182233410903385,
    0.5171609260014125,
    0.5328893330778395,
    0.5283700240680149,
    0.5217654547010149,
    0.5154629325185504,
    0.5206845055307661,
    0.5199659378869192,
    0.5177306923185077,
    0.5284033574717385,
    0.5261163789204188,
    0.5294837634222848,
    0.5276259228842599,
    0.5297200912066868
  ],
  "test_acc": 95.67857142857143,
  "z_dim": 75,
  "hidden1": 300,
  "hidden2": 300,
  "learning_rate": 0.0001,
  "batch_size": 64,
  "epochs": 100
}