{
  "beta": 0.0001,
  "test_losses": [
    0.25059937599727083,
    0.1876087463923863,
    0.16522637241227286,
    0.1465657161814826,
    0.13411601540020535,
    0.12797650848967687,
    0.13234445889081273,
    0.11895231069837298,
    0.11855666374308722,
    0.1366184323344912,
    0.11443425462075642,
    0.13675331548282077,
    0.1034449353473527,
    0.10320486691594123,
    0.12266019991465978
  ],
  "test_acc": 97.17857142857143,
  "z_dim": 30,
  "hidden1": 300,
  "hidden2": 300,
  "learning_rate": 0.0001,
  "batch_size": 64,
  "epochs": 15
}