{
  "beta": 0.0001,
  "test_losses": [
    0.2651874926473413,
    0.19784161938088282,
    0.16955822339015347,
    0.16176381353288888,
    0.1481133464191641,
    0.14030696001968213,
    0.12911732691739286,
    0.12572669479995965,
    0.12107041914548193,
    0.11676993612200022,
    0.1114188547113112,
    0.13491945977189712,
    0.11222887291972126,
    0.10838098858616181,
    0.10174770166299173,
    0.10286338373220393,
    0.10284613072872162,
    0.158194075897336,
    0.10485639618709683,
    0.09915248529453363,
    0.09776022639125585,
    0.09720324509377991,
    0.09780710783920117,
    0.09675144030313407,
    0.09772087834509356,
    0.0994002690538764,
    0.10303679781832865,
    0.11984885780672942,
    0.10512484196307403,
    0.09931088552943297,
    0.09833257252882634,
    0.0986280968545803,
    0.09850858375430108,
    0.09844301449401038,
    0.09820113166102341,
    0.09838333917515618,
    0.09813756555584925,
    0.09887873902916908,
    0.22129392524116806,
    0.11789704424861286,
    0.10515413567689913,
    0.10376147481479815,
    0.10205609408606375,
    0.10240255930860127,
    0.10119989219653819,
    0.10144074976311199,
    0.10131938442853945,
    0.10168347706619119,
    0.10192868992952364,
    0.10222941460753125,
    0.10226138793597264,
    0.10286622763212239,
    0.10435976910271814,
    0.13232863375784032,
    0.11184473684323686,
    0.10613548128333475,
    0.10418526753783226,
    0.10449930488664125,
    0.1036022837872484,
    0.10365009552000888,
    0.10308580135128327,
    0.10318797790179295,
    0.10315586786850223,
    0.10303110818910811,
    0.10382054557890764,
    0.10399765889825566,
    0.10416896431041615,
    0.10418285384907254,
    0.10505428473199052,
    0.10484958050905593,
    0.10600350982775646,
    0.10537335222720036,
    0.10545779370835849,
    0.13244783947510377,
    0.11332586824760905,
    0.1088089609052986,
    0.10706504062483353,
    0.1060041873848864,
    0.10561615231313876,
    0.10479866869614593,
    0.10441402057851,
    0.10450759802811913,
    0.10443770048607673,
    0.10470978414107646,
    0.10457894539327493,
    0.1054184260711606,
    0.10616635033594711,
    0.1070911452506802,
    0.10688424719763653,
    0.10701701579881566,
    0.10737516601303858,
    0.10764327202258366,
    0.10886141778901219,
    0.10839586887242539,
    0.10873571875771242,
    0.11106517610273191,
    0.10957508425095251,
    0.11039238678557532,
    0.11088867808159973,
    0.11093833920811969,
    0.11055941245784717,
    0.11277054863582764,
    0.11109238477822925,
    0.11048732217002127,
    0.11120061034868871,
    0.11280308212153614,
    0.11182392781068172,
    0.11092980653712792,
    0.11137757429720035,
    0.11145879251749388,
    0.11286937440745533,
    0.11210249573258417,
    0.11324502008834056,
    0.11373394346529885,
    0.11290592895820736,
    0.11343210165921067,
    0.1153437598342342,
    0.11461849233933857,
    0.11348137853534095,
    0.11481739851380034,
    0.11554575046923543,
    0.11361044343294842,
    0.11551669198753578,
    0.11588705886554505,
    0.11467738436934138,
    0.11608120617456734,
    0.11524236389834966,
    0.11644104617381734,
    0.11585340034216643,
    0.11650745145577406,
    0.11680201047898403,
    0.1162733201669263,
    0.1177995027974248,
    0.11779611321565296,
    0.11751749688493354,
    0.11822262164205313,
    0.11865400206962866,
    0.11951744517843638,
    0.11841769609600306,
    0.11905176946893334,
    0.11956352878894125,
    0.11904836364223488,
    0.11910271569421249,
    0.11984349747321435,
    0.1191899114754051,
    0.12036401664039918,
    0.11991209321256195,
    0.12134096901863814,
    0.12054937719367445,
    0.12163073485051946,
    0.1210621983611158,
    0.12098676644132605,
    0.12169238149986736,
    0.121230455913714,
    0.12153097182911421,
    0.12320220920124224,
    0.12307864101603627,
    0.1222145956940949,
    0.12299049273798508,
    0.12280604468126383,
    0.12451961638538965,
    0.12358064571661609,
    0.12343001146800817,
    0.12415998238138855,
    0.12432483872398734,
    0.12424201256861644,
    0.12493320603721908,
    0.1244152779025691,
    0.12410062266114567,
    0.12483576742400015,
    0.12573203125170299,
    0.12551922772877983,
    0.12590632123340453,
    0.12514327244300927,
    0.12529912382098182,
    0.12515824204310774,
    0.1265450640115887,
    0.12650668398876275,
    0.12591730609669216,
    0.1265462293489171,
    0.12798851898073085,
    0.12592076655211193,
    0.12657258990220727,
    0.12687080348176616,
    0.12761821527300135,
    0.1274973982213331,
    0.12702953919236148,
    0.12763231370731123,
    0.12778253786798036,
    0.1273260232726378,
    0.12796937011049261,
    0.12836609190063816,
    0.1282957387822015,
    0.12844362914163088,
    0.12759343345782587,
    0.12811358239102577,
    0.12915448174545807,
    0.12892609923146664,
    0.12932499895936678,
    0.12906336199625262
  ],
  "test_acc": 97.26428571428572,
  "z_dim": 30,
  "hidden1": 300,
  "hidden2": 300,
  "learning_rate": 0.0001,
  "batch_size": 100,
  "epochs": 200
}