{
  "beta": 0.9,
  "test_losses": [
    1.6907633340018136,
    0.9584767552103315,
    0.7003708267211914,
    0.57949841601508,
    0.49640873200552804,
    0.4441918584278652,
    0.40681958855901446,
    0.3737039015633719,
    0.35911318019458227,
    0.33564985609054565,
    0.3237892451286316,
    0.3301348200525556,
    0.30630233642033167,
    0.3080368914604187,
    0.30311028163773673,
    0.29371309529032025,
    0.3004664373057229,
    0.2875463215282985,
    0.29703458288737705,
    0.2960392278262547,
    0.2870536194017955,
    0.27373403208596364,
    0.28615373264040267,
    0.27821973146711076,
    0.2799685760566166,
    0.26393852744783675,
    0.2669773438317435,
    0.26619263526371545,
    0.2729093675613403,
    0.28084624872888836,
    0.2729929155962808,
    0.2658596347740718,
    0.2762687495776585,
    0.264400646345956,
    0.265661709019116,
    0.2664921999999455,
    0.2842399651663644,
    0.27256475368567873,
    0.2550754131249019,
    0.26777324330806734,
    0.26514244994095393,
    0.27020029079914093,
    0.26081389389719284,
    0.27164651652744837,
    0.2633891114507403,
    0.2652134667634964,
    0.2684515015057155,
    0.25281614903041294,
    0.26941136762074064,
    0.2578339719772339
  ],
  "test_acc": 98.02857142857142,
  "z_dim": 30,
  "hidden1": 300,
  "hidden2": 300,
  "learning_rate": 0.0001,
  "batch_size": 64,
  "epochs": 50
}