{
  "beta": 0.01,
  "test_losses": [
    3.656159254346575,
    3.0700137601579938,
    2.39752169745309,
    2.0728828007834297,
    1.9994607808249338,
    1.693007933480399,
    1.5165012400490896,
    1.3007333848135811,
    1.2180109577178955,
    1.0756751249858312,
    0.9835816519601005,
    0.8924453485352652,
    0.8215301505497524,
    0.7604817267826626,
    0.7247831342560904,
    0.6729037269864764,
    0.6330690826688494,
    0.5947686695371356,
    0.6018461264882768,
    0.5586518021992275,
    0.5231881194795881,
    0.5133741780689784,
    0.49479971320288524,
    0.46789891460963656,
    0.4494108373097011
  ],
  "test_acc": 94.45714285714286,
  "z_dim": 30,
  "hidden1": 300,
  "hidden2": 300,
  "learning_rate": 0.0001,
  "batch_size": 256,
  "epochs": 25
}