{
  "beta": 0.8,
  "test_losses": [
    1.523441261427743,
    0.8724929347038269,
    0.6583117061342512,
    0.5518335161209107,
    0.46732077121734616,
    0.4259451986040388,
    0.3815295945576259,
    0.3522925112247467,
    0.3409618853841509,
    0.3240153374671936,
    0.305254387480872,
    0.3064047530719212,
    0.29126381942204066,
    0.29361165523529054,
    0.2829831577880042,
    0.2775918538229806,
    0.27934302047320775,
    0.2719582257270813,
    0.2831131932905742,
    0.28432547264439717,
    0.27355846619606017,
    0.25660934272834235,
    0.26312406846455166,
    0.2670378873688834,
    0.2622674859591893,
    0.25571681724275863,
    0.25360196469511304,
    0.25455604471479143,
    0.2625470757143838,
    0.26587369648047854,
    0.2636123540401459,
    0.2580005806684494,
    0.2629704679761614,
    0.25143555774007526,
    0.2596312104974474,
    0.2494672201020377,
    0.2616036556448255,
    0.25596121762480056,
    0.24960286094461168,
    0.25197256309645516,
    0.24958510434627532,
    0.258817002926554,
    0.24317460809435162,
    0.2588194077355521,
    0.24842255817140851,
    0.2538703703199114,
    0.2573074558632714,
    0.2448789039850235,
    0.24861125019618444,
    0.23989626657962798
  ],
  "test_acc": 98.05714285714286,
  "z_dim": 30,
  "hidden1": 300,
  "hidden2": 300,
  "learning_rate": 0.0001,
  "batch_size": 64,
  "epochs": 50
}