{
  "beta": 0.05,
  "test_losses": [
    16.836161435808453,
    16.68023163495745,
    16.64813193838937,
    16.63602856881278,
    16.63053447178432,
    16.627702843802314,
    16.626408394949777,
    16.625620420183456,
    16.624351800101145,
    16.352705431256975,
    16.3277046988351,
    16.311367453438894,
    16.201971500941685,
    15.950552915300642,
    15.895444135393415,
    15.827703901018415,
    15.51230873979841,
    15.387743891034807,
    15.289631202697754,
    15.228425258091518,
    15.140918492998395,
    15.03356763131278,
    14.961822172982352,
    14.88379776763916,
    14.830643412998745,
    14.79755686187744,
    14.779284432547433,
    14.752824381147112,
    14.758563315255302,
    14.74783047921317,
    14.723474938528879,
    14.712983401707241,
    14.706592520577567,
    14.69992955998012,
    14.689569632393972,
    14.688615485055106,
    14.684293697902135,
    14.673610589163644,
    14.680076509748186,
    14.675037446158273,
    14.668398527962822,
    14.664652907235281,
    14.657885243007115,
    14.65957049887521,
    14.663299523489815,
    14.660714544023786,
    14.650044660295759,
    14.644306639535086,
    14.647667306082589,
    14.645197295052665,
    14.636285936628068,
    14.644581923348563,
    14.642409612383162,
    14.657245849609374,
    14.639114448547364,
    14.637843589782715,
    14.630018517630441,
    14.627151608058384,
    14.626132948739189,
    14.627703068324498,
    14.626170939854212,
    14.615613254002163,
    14.61919606236049,
    14.62915998840332,
    14.617717405046735,
    14.620098920549665,
    14.613509872436524,
    14.61194593157087,
    14.60801549094064,
    14.612290044512067,
    14.609313012259348,
    14.608930752345493,
    14.606732982090541,
    14.614783392769949,
    14.60435152544294,
    14.61147499520438,
    14.603593763078962,
    14.604661476135254,
    14.604419019426619,
    14.601311024257114,
    14.599130471365793,
    14.603469947814942,
    14.604961869376046,
    14.602515718732562,
    14.599430134364537,
    14.598811680385044,
    14.599098940168108,
    14.597165444510324,
    14.598827584402901,
    14.601398643493653,
    14.597571311950684,
    14.60147357395717,
    14.597021842956543,
    14.59516543688093,
    14.596130291530065,
    14.59527990940639,
    14.59637928227016,
    14.598735231672014,
    14.595391238621303,
    14.595103887285505,
    14.5950216620309,
    14.596175831386022,
    14.599408123561314,
    14.593297931126186,
    14.594447639465333,
    14.594391975402832,
    14.597100855146136,
    14.594784740992955,
    14.594093169076102,
    14.594166664123534,
    14.591201838902064,
    14.597904267447335,
    14.594149076189314,
    14.593897313799177,
    14.595306625366211,
    14.59582343510219,
    14.59865569959368,
    14.596207867213657,
    14.591779772077288,
    14.594883643014091,
    14.597589360918317,
    14.597101064409529,
    14.59640818132673,
    14.600016160147531,
    14.600641803196499,
    14.595757839747838,
    14.599360484531948,
    14.595231775556291,
    14.596191598074777,
    14.597302506583077,
    14.595635814121792,
    14.594756797790527,
    14.595964043753488,
    14.598026778084892,
    14.598539863586426,
    14.596777590070452,
    14.594580553327289,
    14.59607804107666,
    14.597486619131905,
    14.596474152701242,
    14.596016684395927,
    14.597353235517229,
    14.596439405168805,
    14.59752919442313,
    14.597272991725376,
    14.597121958051408,
    14.59679810333252,
    14.595960490635463,
    14.595659012930733,
    14.601124270847865
  ],
  "test_acc": 93.28571428571429,
  "z_dim": 75,
  "hidden1": 300,
  "hidden2": 300,
  "learning_rate": 0.0001,
  "batch_size": 64,
  "epochs": 150
}