{
  "beta": 0.2,
  "test_losses": [
    19.74283196585519,
    19.726291138785225,
    19.719728973933627,
    19.71668150765555,
    19.71501862662179,
    19.714045701708113,
    19.71332815715245,
    19.7135043825422,
    19.713182612827847,
    19.71343152182443,
    19.713054602486746,
    19.712957273210797,
    19.713071400778635,
    19.712948199680874,
    19.712494495936802,
    19.71252474103655,
    19.71238557270595,
    19.71225494657244,
    19.71223099572318,
    19.712312861851284,
    19.712326758248466,
    19.712168884277343,
    19.712479278019497,
    19.712624726976667,
    19.712553773607528,
    19.71229659489223,
    19.712314006260463,
    19.71240792955671,
    19.712339605603898,
    19.712147630964008,
    19.712354932512557,
    19.712269183567592,
    19.712344646453857,
    19.712547969818115,
    19.712449754987443,
    19.712394809722902,
    19.7121200970241,
    19.712389060429164,
    19.712527220589774,
    19.712355695452008,
    19.71224741254534,
    19.712629795074463,
    19.711994184766496,
    19.71245609010969,
    19.71244317463466,
    19.712325041634696,
    19.712362861633302,
    19.712430545261928,
    19.71208746773856,
    19.712473024640765,
    19.712368951525008,
    19.712327112470355,
    19.71254543576922,
    19.712295164380755,
    19.712500994546073,
    19.712368379320417,
    19.7126047543117,
    19.71239767074585,
    19.712434686933246,
    19.712441240038192,
    19.71237440109253,
    19.712279646737233,
    19.71242231641497,
    19.712482111794607,
    19.71237941469465,
    19.71248483657837,
    19.71256093978882,
    19.71250322886876,
    19.712570885249548,
    19.712581144060408,
    19.712419142041888,
    19.71233892440796,
    19.712280900137767,
    19.71265388216291,
    19.71232806614467,
    19.712302357809886,
    19.71246201651437,
    19.712158461979456,
    19.712351785387312,
    19.71262491771153,
    19.712490735735212,
    19.71242666244507,
    19.712424319131035,
    19.71241718019758,
    19.712496185302733,
    19.712414019448417,
    19.71241536821638,
    19.712434700557164,
    19.71250777925764,
    19.712264605930873,
    19.712381458282472,
    19.712469073704312,
    19.712432861328125,
    19.712479496002196,
    19.712333338601248,
    19.712391567230224,
    19.712423624311175,
    19.712074715750557,
    19.712316662924632,
    19.712426825932095,
    19.71238592692784,
    19.712647724151612,
    19.712356008802143,
    19.712497288840158,
    19.71227994646345,
    19.71262423651559,
    19.71236776624407,
    19.712682001931327,
    19.712411567143032,
    19.712543637411937,
    19.712311676570348,
    19.71238418306623,
    19.712497084481374,
    19.71243933268956,
    19.712318761008127,
    19.712471730368478,
    19.712397834232874,
    19.71250032697405,
    19.71231564113072,
    19.71237835202898,
    19.7123854637146,
    19.712389537266322,
    19.712547274998258,
    19.71245380129133,
    19.712247140066964,
    19.712324060712543,
    19.712440735953194,
    19.712292385101318,
    19.712393365587506,
    19.712445558820452,
    19.712317889077323,
    19.712243829454696,
    19.712330545697892,
    19.712340354919434,
    19.712614113943918,
    19.712526171548024,
    19.712441417149137,
    19.712454618726458,
    19.712501321520126,
    19.712422411782402,
    19.712419618879046,
    19.712413474491665,
    19.71247226170131,
    19.71209453855242,
    19.71251346043178,
    19.712340000697544,
    19.712334210532052,
    19.712223734174454,
    19.712459523337227,
    19.712433746882848,
    19.712411308288573,
    19.71240679877145,
    19.712456049237932,
    19.71248106275286,
    19.71229964665004,
    19.712235137394497,
    19.712278951917376,
    19.712408815111434,
    19.71243884222848,
    19.71208245413644,
    19.71231440135411,
    19.71233683994838,
    19.71222381591797,
    19.71231633595058,
    19.71245570863996,
    19.712206418173654,
    19.712582179478236,
    19.71230513708932,
    19.71221693583897,
    19.712354605538504,
    19.71242403302874,
    19.712705162593295,
    19.712310000828335,
    19.712462411608016,
    19.712468378884452,
    19.712317970820834,
    19.71250023160662,
    19.71240610395159,
    19.71234540939331,
    19.71233857018607,
    19.712406703404017,
    19.712396580832344,
    19.712556552886962,
    19.712422847747803,
    19.71241925103324,
    19.71227354322161,
    19.712341799054826,
    19.712404482705253,
    19.712473828451973,
    19.712362602778843,
    19.712276295253208,
    19.71262468610491,
    19.712277357918875,
    19.712344346727644,
    19.7122633934021,
    19.7124557358878,
    19.71244008200509,
    19.71239791597639,
    19.71247476850237,
    19.71218079158238
  ],
  "test_acc": 10.664285714285715,
  "z_dim": 30,
  "hidden1": 300,
  "hidden2": 300,
  "learning_rate": 0.0001,
  "batch_size": 100,
  "epochs": 200
}