{
  "beta": 0.2,
  "test_losses": [
    29.96605247061593,
    23.280128989083426,
    14.9058471799578,
    11.911056315830775,
    11.070622242518834,
    10.428071060180663,
    10.212522802080427,
    10.149099134172712,
    10.242585748944963,
    9.979847249712263,
    9.879159996032715,
    9.876728408813477,
    9.779022168840681,
    9.751048032488141,
    9.72064124080113,
    9.695502809797015,
    9.681124065944127,
    9.652953654697964,
    9.63923677934919,
    9.622102340698243,
    9.609282873971122,
    9.600144967215401,
    9.58741483415876,
    9.57743141392299,
    9.57113325718471
  ],
  "test_acc": 10.657142857142857,
  "z_dim": 30,
  "hidden1": 300,
  "hidden2": 300,
  "learning_rate": 0.0001,
  "batch_size": 256,
  "epochs": 25
}