{
  "beta": 0.0005,
  "test_losses": [
    0.39072529375553133,
    0.29593701990587373,
    0.2531999942447458,
    0.23435437317405428,
    0.21381941373859134,
    0.20169915365321295,
    0.189014308527112,
    0.18225980821464743,
    0.17742840062294687,
    0.17080473612461772,
    0.1649506934519325,
    0.1622672172529357,
    0.16586263962090014,
    0.1543197700487716,
    0.15427659451961517,
    0.14803576655685902,
    0.1911433288029262,
    0.14336973875761033,
    0.13912787208599703,
    0.13918522665543215,
    0.13760312641305583,
    0.1371232569483774,
    0.13854163060230867,
    0.20687376484274864,
    0.1435079947646175,
    0.14073173209492648,
    0.13784787391445466,
    0.13658274835241693,
    0.13692812914294855,
    0.13687203683491264,
    0.1367094575826611,
    0.13703376366091627,
    0.13658344817480872,
    0.13914088308811187,
    0.14521267845162322,
    0.2714794499533517,
    0.1498873689078859,
    0.1418423103700791,
    0.13939890611384595,
    0.13934270225997483,
    0.13767713201897486,
    0.13699831036584717,
    0.13608109472053392,
    0.13687885786805834,
    0.13573221822402307,
    0.1354401124109115,
    0.13556845073721238,
    0.13878158551773856,
    0.13635625102158103,
    0.14012908121304854,
    0.13996982098157917,
    0.13846900324736322,
    0.13924651361469711,
    0.136360052973032,
    0.13638985423105104,
    0.1398555630019733,
    0.15231946552438394,
    0.14056266389255012,
    0.13779916941587414,
    0.13647783885576895,
    0.1353635489142367,
    0.13508060526634966,
    0.13523798159190586,
    0.13501561363892897,
    0.13483108008014305,
    0.13548698212419238,
    0.13539280548159566,
    0.13622955802295889,
    0.13635720017233066,
    0.13662822297109026,
    0.137936375609466,
    0.13665361212832586,
    0.13699533843568393,
    0.1400759691904698,
    0.13849422428756952,
    0.1379095518961549,
    0.14015516777123724,
    0.14885470193943806,
    0.14482991961496217,
    0.14175295106002261,
    0.14098495335451194,
    0.14107742594288927,
    0.1408481668414814,
    0.14078404089169844,
    0.1404573118580239,
    0.1407499441344823,
    0.1414534622005054,
    0.14130679863904202,
    0.14124201788966145,
    0.14132966178336315,
    0.14175915215164422,
    0.14263616156365191,
    0.14203231680606093,
    0.14110392427870205,
    0.14193800115691765,
    0.14309021905064584,
    0.14392013672207082,
    0.14413523791091784,
    0.14431613542671715,
    0.1452573007770947,
    0.1433552679472736,
    0.14521340278110334,
    0.14443477695541723,
    0.14584506662296398,
    0.14641351492277213,
    0.1461711908025401,
    0.14596902395465544,
    0.14549542891659906,
    0.14603018034249543,
    0.14707660339772702,
    0.14724752926932913,
    0.14661079323185341,
    0.14811224892203298,
    0.14781805497727224,
    0.1474609705486468,
    0.14842759147286416,
    0.1489716073764222,
    0.148244871811143,
    0.1484977993049792,
    0.1484323462737458,
    0.14946742307926927,
    0.14884544001626118,
    0.1507195294169443,
    0.1505496833473444,
    0.149976867969547,
    0.1510515319449561,
    0.15072965760316168,
    0.1518457270626511,
    0.1506987363366144,
    0.151509117814047,
    0.15194946037871496,
    0.15174231361597776,
    0.15283253900706767,
    0.15183565454291445,
    0.15157495135707513,
    0.15248139431434019,
    0.1528569067429219,
    0.15223362278193237,
    0.15252401315207992,
    0.15334621478936503,
    0.15304917278034347,
    0.15318707256977046,
    0.15337208432278462,
    0.15258062782564333,
    0.15387789463358267,
    0.1535699503230197,
    0.15377037336251564,
    0.1545945123902389,
    0.15484971015581062,
    0.1551864233932325,
    0.15371749214828015,
    0.1549852467807276,
    0.15545475746371917,
    0.1547857603324311,
    0.15525003714220864,
    0.15656776947102377,
    0.1548691543617419,
    0.15614149754068682,
    0.15598548432546003,
    0.15553811557058778,
    0.15680585902716432,
    0.15705211253038476,
    0.15680023578128643,
    0.15649273725492613,
    0.15768985157566412,
    0.15654996809150493,
    0.156650932771819,
    0.15673553097460952,
    0.15723749737122228,
    0.1569784694484302,
    0.15864285486085075,
    0.15771011656948497,
    0.15789695813187532,
    0.1576937963653888,
    0.1587547840816634,
    0.15782676027821643,
    0.15891259565417257,
    0.15898852526609386,
    0.15855422083820617,
    0.15919502837849514,
    0.15933403942201818,
    0.15921721091227872,
    0.15928935946098396,
    0.1597547857356923,
    0.1589752176510436,
    0.15980941922004735,
    0.15858065036258528,
    0.15963546399559295,
    0.16011208769466195,
    0.15875442081264088,
    0.1597239739926798,
    0.1606204250029155,
    0.16008023390812534,
    0.16013356878289153,
    0.159324968286923,
    0.16019653262836592,
    0.16061454018844026,
    0.16111608182213136,
    0.16125620425279652,
    0.15991533981370074
  ],
  "test_acc": 97.41428571428571,
  "z_dim": 30,
  "hidden1": 300,
  "hidden2": 300,
  "learning_rate": 0.0001,
  "batch_size": 100,
  "epochs": 200
}