{
  "beta": 0.0005,
  "test_losses": [
    0.3419783138207027,
    0.25139835010256084,
    0.21525678420066832,
    0.18384476743425643,
    0.16605601290294103,
    0.15331045306580407,
    0.14653938096761704,
    0.13876441398688724,
    0.1369822118963514,
    0.12725860115459986,
    0.14589803212029592,
    0.1334701873574938,
    0.13019218456745146,
    0.12767427329506192,
    0.1292414186000824,
    0.11673123200876372,
    0.1382414863194738,
    0.11741036968146051,
    0.12132919385603497,
    0.12413303997686931,
    0.11668093439085143,
    0.12183577271870204,
    0.11516733705145972,
    0.13042743526186262,
    0.11990004201446261
  ],
  "test_acc": 97.51428571428572,
  "z_dim": 30,
  "hidden1": 300,
  "hidden2": 300,
  "learning_rate": 0.0001,
  "batch_size": 64,
  "epochs": 25
}