{
  "beta": 0.005,
  "test_losses": [
    1.1226549012320381,
    0.8916540490729469,
    0.8022867036717278,
    0.7484875329903193,
    0.712541452050209,
    0.6787440236125674,
    0.6569894220147814,
    0.6355139012847628,
    0.6249553139720644,
    0.6124178899185998,
    0.6035988926887512,
    0.5956057088715689,
    0.5851217559405736,
    0.5775934240647724,
    0.5754780722515923,
    0.5667733716113227,
    0.5735363577093396,
    0.5585329562425614,
    0.5550765844328063,
    0.5610036077243942,
    0.5502703732677868,
    0.550563713482448,
    0.5514993635671479,
    0.5426737653357642,
    0.5409130635006087,
    0.5397715393986021,
    0.5391048012035233,
    0.5407332081879889,
    0.541601542702743,
    0.5369935035705566,
    0.5357304864696094,
    0.5352868350488799,
    0.5357362312929971,
    0.5350746197359902,
    0.5368757729019438,
    0.5343862644263676,
    0.5316006741353444,
    0.5312445517097201,
    0.5309837119919913,
    0.5299772709608078,
    0.5300090615238462,
    0.5292037159204483,
    0.5450740956834385,
    0.5304113922374589,
    0.5282897906644004,
    0.5276085602385657,
    0.5275301328727178,
    0.5268779852560588,
    0.5262421510049275,
    0.5260915545480592,
    0.5264016440936498,
    0.5270006890807833,
    0.5697885494147028,
    0.5302138750042235,
    0.5257918498345784,
    0.5249133152621133,
    0.5256140489663397,
    0.5259060344525746,
    0.5254598053438323,
    0.5254489434616906,
    0.5255049132875034,
    0.5266599431633949,
    0.5277271619864873,
    0.5368952142340796,
    0.5272427241717066,
    0.5249500310846738,
    0.5255415384258543,
    0.525287263734,
    0.5265904030629567,
    0.5257160154836519,
    0.5277437901922635,
    0.5261061489582062,
    0.527153623529843,
    0.5275638676115445,
    0.5261134479727064,
    0.5262459163154874,
    0.5272907823324203,
    0.5285057695848602,
    0.5270262813993862,
    0.5278900037918772,
    0.5271886712738446,
    0.5288912340998649,
    0.5290481552481652,
    0.5294539845415525,
    0.5280427679419517,
    0.5322074345179967,
    0.5283161580562592,
    0.5296299945030893,
    0.5293532569493566,
    0.5292382680944034,
    0.5296431673424584,
    0.5300413395677294,
    0.5299457034894398,
    0.5292624605553491,
    0.5295276543923787,
    0.5304786596979414,
    0.5304950009499277,
    0.5320319171462741,
    0.5301153589572225,
    0.5311063381178038,
    0.5315189350928579,
    0.5326212050659316,
    0.5324740354503904,
    0.5319123310702187,
    0.5334026555929865,
    0.5327670005815369,
    0.5326012900897434,
    0.5329991493906293,
    0.5324714015637125,
    0.5334710985422134,
    0.5338277127061571,
    0.533350571351392,
    0.5341931787984712,
    0.5342094091432436,
    0.5334990492888859,
    0.5349667304328509,
    0.5357616005199296,
    0.5357835835644177,
    0.534107212296554,
    0.5350601988179343,
    0.5352875458342689,
    0.5349833103162902,
    0.5363389760255813,
    0.5362707712820598,
    0.5361931951982635,
    0.5364420267088073,
    0.5365289568901062,
    0.5371860025184495,
    0.536799704177039,
    0.5378138478313174,
    0.5387001124875886,
    0.5386972484844071,
    0.539080057825361,
    0.538624019920826,
    0.5386976663555417,
    0.5387033036776951,
    0.5388285568782262,
    0.5389137365988322,
    0.53815955051354,
    0.5391221648880413,
    0.5405321306415967,
    0.5397327410323279,
    0.5406793147325516,
    0.5387986723865782,
    0.540488341663565,
    0.5397048637270927,
    0.5407505190798214,
    0.5402614806379591,
    0.5401042695556368,
    0.5420866706541606,
    0.539855711374964,
    0.5408849545887539,
    0.5413264955793108,
    0.5412594754781042,
    0.5415079742670059,
    0.5425814796771322,
    0.5410978315132005,
    0.541631350346974,
    0.5420977454100336,
    0.5423381652150835,
    0.5424015023878642,
    0.5429875118391855,
    0.5420745564358574,
    0.5412944438202041,
    0.543198022033487,
    0.5434271058865956,
    0.5430389472416469,
    0.5436872116156987,
    0.542799599468708,
    0.5433474821703774,
    0.5440496021083423,
    0.5439234727195331,
    0.5436078378132412,
    0.5433916130236217,
    0.5447170131972858,
    0.5432226894157274,
    0.544501588174275,
    0.5421270943113736,
    0.5434443720749447,
    0.5437872861112867,
    0.5444342100194522,
    0.5447545270834651,
    0.545810527248042,
    0.5455652258225849,
    0.5449497416615486,
    0.5451708612697465,
    0.5440458067825862,
    0.5449513243777412,
    0.5463621893099376,
    0.5445053394351687,
    0.5445483595132827,
    0.5455397220594542,
    0.5454053020903042,
    0.5459256004009928,
    0.5447287255099842,
    0.5445556127599307,
    0.5464870944619179,
    0.5461474459086145,
    0.5473400694983346,
    0.545658124770437
  ],
  "test_acc": 97.33571428571429,
  "z_dim": 30,
  "hidden1": 300,
  "hidden2": 300,
  "learning_rate": 0.0001,
  "batch_size": 100,
  "epochs": 200
}