{
  "beta": 0.005,
  "test_losses": [
    0.6629105900355747,
    0.4584272782461984,
    0.3638727502822876,
    0.3195561396053859,
    0.2819745291301182,
    0.26139491047178,
    0.23839357960224153,
    0.2251552758557456,
    0.21544678134577616,
    0.20718267795017786,
    0.20031371528761727,
    0.21226504465511867,
    0.19225137008939472,
    0.19070426171166557,
    0.19134168585709163,
    0.18177174479620797,
    0.18569109514781407,
    0.18722703511374336,
    0.18625977918931416,
    0.18243577764715468,
    0.18273317537988934,
    0.18466921264784678,
    0.18915555005414145,
    0.18140509038312094,
    0.17755661967822484,
    0.1864818422453744,
    0.17533218654564448,
    0.1783538611957005,
    0.1744933821133205,
    0.17455793619155885,
    0.1837023318026747,
    0.16782191174370903,
    0.17245276033878326,
    0.16270570751598903,
    0.17714657528059824,
    0.1765409071786063,
    0.17626171733651844,
    0.16800130195277077,
    0.17074662274973734,
    0.1675163117476872,
    0.16714486990656172,
    0.1754150333404541,
    0.17424420055321285,
    0.17838656216008322,
    0.17929320382220404,
    0.17512036034039088,
    0.18063640757117952,
    0.1739752209356853,
    0.18135275508676257,
    0.1816623328242983
  ],
  "test_acc": 97.27142857142857,
  "z_dim": 30,
  "hidden1": 300,
  "hidden2": 300,
  "learning_rate": 0.0001,
  "batch_size": 64,
  "epochs": 50
}