{
  "model": "mlp_fm",
  "hidden1": 128,
  "hidden2": 64,
  "lr": 0.0002,
  "batch_size": 128,
  "epochs": 150,
  "rnd_seed": false,
  "test_losses": [
    0.5865685939788818,
    0.5003975033760071,
    0.46877679228782654,
    0.4558551609516144,
    0.4291427731513977,
    0.41802093386650085,
    0.41329047083854675,
    0.4014492630958557,
    0.3957355320453644,
    0.390872597694397,
    0.4095384180545807,
    0.37631309032440186,
    0.3778659403324127,
    0.3779463469982147,
    0.3715747594833374,
    0.3686412572860718,
    0.3678419589996338,
    0.362455815076828,
    0.3688308596611023,
    0.36139896512031555,
    0.352412611246109,
    0.3515894114971161,
    0.3535975217819214,
    0.3468806743621826,
    0.3471422791481018,
    0.3494989275932312,
    0.346281498670578,
    0.3449070155620575,
    0.34725716710090637,
    0.3439710736274719,
    0.3411076068878174,
    0.338985413312912,
    0.3413996994495392,
    0.34440964460372925,
    0.34064653515815735,
    0.34161511063575745,
    0.33430615067481995,
    0.33539989590644836,
    0.3354167640209198,
    0.33884376287460327,
    0.33974435925483704,
    0.3309011459350586,
    0.34370651841163635,
    0.3347027897834778,
    0.3372765779495239,
    0.33317849040031433,
    0.33945003151893616,
    0.33608734607696533,
    0.33034747838974,
    0.33460262417793274,
    0.3331388235092163,
    0.34843820333480835,
    0.34770604968070984,
    0.3348052501678467,
    0.33776232600212097,
    0.3289753198623657,
    0.3402020335197449,
    0.3376738131046295,
    0.3401573896408081,
    0.34491607546806335,
    0.3369857370853424,
    0.33587178587913513,
    0.33068951964378357,
    0.3382837772369385,
    0.3369104862213135,
    0.3397357761859894,
    0.3382202982902527,
    0.3414206802845001,
    0.34888115525245667,
    0.347842812538147,
    0.3359385132789612,
    0.3495038151741028,
    0.3428150415420532,
    0.35398656129837036,
    0.3436185419559479,
    0.3462846577167511,
    0.3602946698665619,
    0.34854674339294434,
    0.3481505513191223,
    0.35678631067276,
    0.3586423695087433,
    0.34923055768013,
    0.35898125171661377,
    0.3561097979545593,
    0.34941980242729187,
    0.36307579278945923,
    0.35136139392852783,
    0.3592333197593689,
    0.3604874610900879,
    0.3574831783771515,
    0.37269580364227295,
    0.370252788066864,
    0.3685286343097687,
    0.3611162006855011,
    0.37771204113960266,
    0.374178409576416,
    0.36836668848991394,
    0.37117648124694824,
    0.3996550440788269,
    0.37469759583473206,
    0.378202885389328,
    0.4200727045536041,
    0.39356884360313416,
    0.3814958930015564,
    0.3881395161151886,
    0.38039934635162354,
    0.38781487941741943,
    0.39992085099220276,
    0.39373528957366943,
    0.3997136354446411,
    0.38752931356430054,
    0.3983670771121979,
    0.39623263478279114,
    0.41628339886665344,
    0.39087146520614624,
    0.40009212493896484,
    0.3967420756816864,
    0.3985608220100403,
    0.4031660258769989,
    0.42749345302581787,
    0.41131675243377686,
    0.41367480158805847,
    0.41576138138771057,
    0.4245353639125824,
    0.4338822662830353,
    0.42790699005126953,
    0.49400439858436584,
    0.428691565990448,
    0.45709556341171265,
    0.4398743510246277,
    0.433910608291626,
    0.4378463923931122,
    0.4606808125972748,
    0.4412980377674103,
    0.45893651247024536,
    0.44832608103752136,
    0.4726661741733551,
    0.4382542371749878,
    0.47328266501426697,
    0.4512694478034973,
    0.4493385851383209,
    0.46744483709335327,
    0.4562227427959442,
    0.4649372696876526,
    0.47586777806282043,
    0.46676933765411377,
    0.4627417027950287,
    0.48458153009414673,
    0.5051714777946472,
    0.4729504883289337
  ],
  "test_acc": 88.37000131607056
}