{
  "beta": 0.1,
  "test_losses": [
    31.37090429905483,
    31.058967385428293,
    30.99468298121861,
    30.9703072378976,
    30.959281747000556,
    30.953513530186246,
    30.950586968558174,
    30.949032178606306,
    30.94833305358887,
    30.948015672956195,
    30.947305378505163,
    30.947190244402204,
    30.94681810433524,
    30.94609601484026,
    30.94536343601772,
    30.667732404436382,
    30.65010060773577,
    30.625280641828265,
    30.568796602521623,
    30.523196119035994,
    30.43983624267578,
    30.35690950666155,
    30.270506567818778,
    30.229804136003768,
    30.202869297572544,
    30.179834773472376,
    30.16419212123326,
    30.158754943847658,
    30.15528897530692,
    30.142741293770925,
    30.01317673601423,
    29.916343390328542,
    29.866624749319893,
    29.823655262538367,
    29.768919034685407,
    29.69952120753697,
    29.62363457598005,
    29.545183029174805,
    29.506515287126813,
    29.482098205566405,
    29.449321293422155,
    29.435361733572822,
    29.42834077017648,
    29.417736454554966,
    29.415352872576033,
    29.40887450517927,
    29.394493094308036,
    29.416761967250277,
    29.39107025364467,
    29.387336371285574,
    29.382407553536552,
    29.375081885201592,
    29.383860778808593,
    29.391937116350448,
    29.370966842651367,
    29.391311233520508,
    29.367844955444337,
    29.36488144138881,
    29.366809201921736,
    29.36235359409877,
    29.356050578526087,
    29.360175356183735,
    29.354390241350448,
    29.36005492074149,
    29.355474197387696,
    29.35167590550014,
    29.347133165631977,
    29.34822182573591,
    29.346464390345982,
    29.34682566833496,
    29.347279432024276,
    29.34179930768694,
    29.343486216953824,
    29.345614815848215,
    29.356760511125838,
    29.33903595842634,
    29.33334255327497,
    29.323891451154438,
    29.320412375313897,
    29.313179944719586,
    29.32735248674665,
    29.299297208513533,
    29.298485218593054,
    29.294051016671318,
    29.293355970110213,
    29.28677298627581,
    29.286145919799804,
    29.283283011300224,
    29.271663423810686,
    29.277163920811244,
    29.270631866455076,
    29.27444827270508,
    29.26607769557408,
    29.268845997401645,
    29.255951503208706,
    29.254817132132395,
    29.256113828386578,
    29.25114266531808,
    29.255547162737166,
    29.247928800310408,
    29.24287077331543,
    29.249799748012,
    29.241901166643416,
    29.240206043788366,
    29.23804990713937,
    29.239695096697126,
    29.24656527709961,
    29.234827595302036,
    29.234097390311106,
    29.23284216090611,
    29.23190522112165,
    29.22997361755371,
    29.237985536847795,
    29.229178379603795,
    29.22807349940709,
    29.22491549246652,
    29.239979293823243,
    29.22694171142578,
    29.22837709917341,
    29.223372329711914,
    29.226011431012836,
    29.22569755554199,
    29.22848073250907,
    29.223791959490097,
    29.220502186366488,
    29.220733043125698,
    29.22490547616141,
    29.22204359654018,
    29.21866189793178,
    29.22113538469587,
    29.21872862461635,
    29.219182028634208,
    29.21804350062779,
    29.218737723214286,
    29.217632832118444,
    29.224783586774553,
    29.21487711225237,
    29.215576605660576,
    29.218281321934292,
    29.225673028128487,
    29.213977573939733,
    29.218679144723076,
    29.214825685773576,
    29.21365653337751,
    29.212284441266743,
    29.214585181100027,
    29.215304619925362,
    29.213943494524276,
    29.212002916608537,
    29.21003849574498,
    29.21014905657087,
    29.211687497820172,
    29.209566526140485,
    29.212783721923827,
    29.208477552141463,
    29.212266409737722,
    29.213500915527344,
    29.20903171430315,
    29.207134425571986,
    29.209778462001257,
    29.208786895751953,
    29.20666114807129,
    29.207722632271903,
    29.207017684936524,
    29.203524206978933,
    29.204412608555383,
    29.205204448154994,
    29.205116806030272,
    29.207144186837333,
    29.20477609688895,
    29.20240143912179,
    29.203541902814592,
    29.20557727922712,
    29.206884573800224,
    29.20539445931571,
    29.203213243756977,
    29.2031663949149,
    29.20402651105608,
    29.204601436070032,
    29.204060564313615,
    29.204143406459263,
    29.202564651489258,
    29.201316096714564,
    29.201562268938336,
    29.20202980695452,
    29.20237879725865,
    29.200137662615095,
    29.20044481767927,
    29.20205390058245,
    29.204459773472376,
    29.202583984375,
    29.200718741280692,
    29.200315745762417,
    29.200875564575195,
    29.199920026506696,
    29.198860586983816,
    29.201193198067802,
    29.20096954345703,
    29.200621200561525,
    29.199748086111885
  ],
  "test_acc": 84.56428571428572,
  "z_dim": 75,
  "hidden1": 300,
  "hidden2": 300,
  "learning_rate": 0.0001,
  "batch_size": 64,
  "epochs": 200
}