{
  "beta": 1.3,
  "test_losses": [
    2.0522492359706335,
    1.5763806969778877,
    1.286776013646807,
    1.0949561424255372,
    0.9638729452405657,
    0.8401180300712585,
    0.7239162044525147,
    0.6489857726778303,
    0.5988443491118295,
    0.5200186899048942,
    0.47152214111600604,
    0.4786284030846187,
    0.426097607919148,
    0.4084124549457005,
    0.404698422227587,
    0.40590414558138166,
    0.38164287955420356,
    0.38641717399869646,
    0.38714639728409905,
    0.386790200812476,
    0.3779492506980896,
    0.36139633870124815,
    0.3751811474391392,
    0.36622543614251274,
    0.36500859342302594,
    0.35700092935562133,
    0.3619126244272505,
    0.3608991610663278,
    0.3537408629144941,
    0.36231859626088825,
    0.3510913529396057,
    0.35574548183168686,
    0.35598977422714234,
    0.352554680279323,
    0.34887488971437725,
    0.37278828580038886,
    0.359596111195428,
    0.35218842138562884,
    0.35551965025493076,
    0.3508749960490635,
    0.35551797475133623,
    0.3610222783088684,
    0.34858627905164447,
    0.3586696172441755,
    0.35223832392692567,
    0.3533577222824097,
    0.3472423426764352,
    0.35267412665912085,
    0.35151214504241945,
    0.3423878799847194
  ],
  "test_acc": 97.57857142857142,
  "z_dim": 30,
  "hidden1": 300,
  "hidden2": 300,
  "learning_rate": 0.0001,
  "batch_size": 64,
  "epochs": 50
}