{
  "beta": 1.5,
  "test_losses": [
    2.1431093888963972,
    1.7143128696169172,
    1.5080157725470407,
    1.24032299886431,
    1.0549439443860735,
    0.9327807201657976,
    0.8117873714310783,
    0.717537620816912,
    0.6822778650011335,
    0.613602735723768,
    0.586508343900953,
    0.6080814845221383,
    0.5511839060783387,
    0.543670268876212,
    0.5339289181913648,
    0.5457815929140364,
    0.5260914147240775,
    0.5367600947788783,
    0.5251539793695722,
    0.5356099660737174,
    0.52463376222338,
    0.5089703318732125,
    0.5164428421429226,
    0.5122178698948452,
    0.5052462744031634,
    0.5011437719208853,
    0.5111236816133772,
    0.50585451902662,
    0.5143414809363229,
    0.5100114066941398,
    0.4940340777124677,
    0.5064142114094325,
    0.5086384234428406,
    0.5031097493171692,
    0.5016638616153172,
    0.5112669005393982,
    0.5013477562495641,
    0.5026063662256514,
    0.4952069821357727,
    0.49360911812101094,
    0.4985236836160932,
    0.5048818001065936,
    0.49317462703159876,
    0.5079196162905012,
    0.49585613264356343,
    0.4968513354233333,
    0.49480359281812397,
    0.49472382511411395,
    0.470024432182312,
    0.4368225087438311
  ],
  "test_acc": 97.03571428571429,
  "z_dim": 30,
  "hidden1": 300,
  "hidden2": 300,
  "learning_rate": 0.0001,
  "batch_size": 64,
  "epochs": 50
}