{
  "beta": 0.7,
  "test_losses": [
    1.3079530897140503,
    0.7712063777106148,
    0.6008072398730687,
    0.5069893646921431,
    0.4370867167881557,
    0.40114279164586747,
    0.35832544783183506,
    0.3290982615266527,
    0.31976650282314845,
    0.30470491565976826,
    0.2839539358956473,
    0.29066260085787093,
    0.2694493255955832,
    0.2739653900350843,
    0.26671355600016455,
    0.26480697752748217,
    0.25548404727663315,
    0.2559042439460754,
    0.2570240549360003,
    0.26160424450465614,
    0.2546518295833043,
    0.23788168849263872,
    0.2472683252096176,
    0.24523683789798192,
    0.24472568678855897,
    0.24383233615330288,
    0.23091796239784787,
    0.23465402340888977,
    0.23904259359836577,
    0.2453094162600381,
    0.24469611064025334,
    0.23751311765398297,
    0.2395052730015346,
    0.2355909834929875,
    0.2379023565224239,
    0.23319356197970253,
    0.2406778267792293,
    0.23480908182689122,
    0.2292500615290233,
    0.23557560447284154,
    0.22577489144461496,
    0.23571778927530562,
    0.2272817122595651,
    0.23797200611659458,
    0.23983596445832933,
    0.23095249032974244,
    0.23480779652936118,
    0.23040932512283324,
    0.23424527309622084,
    0.22478690486294883
  ],
  "test_acc": 98.12857142857143,
  "z_dim": 30,
  "hidden1": 300,
  "hidden2": 300,
  "learning_rate": 0.0001,
  "batch_size": 64,
  "epochs": 50
}