{
  "beta": 0.15,
  "test_losses": [
    15.383474922180175,
    15.370458255495343,
    15.35992078099932,
    15.257243326732091,
    15.198714194978987,
    15.166999850954328,
    15.146453326089041,
    15.132298823765346,
    15.120744582584926,
    15.111892993109567,
    15.103797796794346,
    15.099061713899886,
    15.092067909240722,
    15.086317123685564,
    15.08208165849958,
    15.078070769991193,
    15.074853481565203,
    15.073144347327096,
    15.069248233522687,
    15.066271754673549,
    15.04236741747175,
    14.99725764819554,
    14.952119384493146,
    14.887714876447404,
    14.833600309916905,
    14.795545332772392,
    14.774187319619315,
    14.74997683933803,
    14.736330243519374,
    14.723662383215768,
    14.718941497802735,
    14.705451774597169,
    14.696452004568917,
    14.691271836417062,
    14.686706420353481,
    14.679353775296892,
    14.67543568611145,
    14.669365583147322,
    14.670966127940586,
    14.662111725125994,
    14.657206051690238,
    14.654345893859864,
    14.64881923539298,
    14.645502614974976,
    14.641269275120326,
    14.639071600777763,
    14.637108816419328,
    14.636650596346174,
    14.630738278797695,
    14.565681368964059,
    14.549239151818412,
    14.542019530705042,
    14.532777527400425,
    14.530949660709926,
    14.52055151803153,
    14.454972818919591,
    14.419923033033099,
    14.39164823123387,
    14.359672696249826,
    14.324905511311123,
    14.298366321836198,
    14.276440341132028,
    14.258473757335118,
    14.24434197970799,
    14.232952737808228,
    14.216207994733537,
    14.195097596304757,
    14.181191423961094,
    14.171016836166382,
    14.160498230797904,
    14.121949407032558,
    14.094440221786499,
    14.064945895331247,
    14.04732415335519,
    14.029370750699725,
    14.011605971200126,
    13.999007517950876,
    13.983712407520839,
    13.97263103893825,
    13.957769911629812,
    13.946367910930089,
    13.933659485408239,
    13.922673191343035,
    13.910710559572493,
    13.902171666281564,
    13.89486483165196,
    13.887452329908099,
    13.85473883492606,
    13.82264357975551,
    13.80095032283238,
    13.779358652659825,
    13.766585465839931,
    13.749951812199184,
    13.732255690438407,
    13.722719035829817,
    13.713187558310372,
    13.698714760371617,
    13.693086229051863,
    13.680248178754534,
    13.674489457266672,
    13.667641285487584,
    13.661055728367396,
    13.653251784188408,
    13.648097828456335,
    13.645442860467094,
    13.64221042224339,
    13.63163401739938,
    13.630383041926793,
    13.623960420063563,
    13.621814502988542,
    13.616304390771049,
    13.610574640546526,
    13.611046927315849,
    13.605577516555787,
    13.600062308992658,
    13.599005562918526,
    13.593334347861154,
    13.589552286693028,
    13.584450885227747,
    13.583503334862845,
    13.577888543265207,
    13.571780572618756,
    13.572221653802055,
    13.567429944447108,
    13.56501180103847,
    13.56218740599496,
    13.559373147147042,
    13.556783689771379,
    13.554879822049822,
    13.551460497719901,
    13.553256504876273,
    13.549494464056833,
    13.546093715940202,
    13.543980932235717,
    13.542550992965698,
    13.541769783837454,
    13.538267701012748,
    13.535154274531774,
    13.535855933598109,
    13.532027987071446,
    13.532508632114956,
    13.529312753677369,
    13.53109999384199,
    13.526789358683995,
    13.527602011816843,
    13.52585391998291,
    13.525167928423201,
    13.52262828690665,
    13.520209101268224,
    13.521720164162772,
    13.518731423786708,
    13.517579637254988,
    13.514908688408989,
    13.514694377354212,
    13.514430945260184,
    13.514530236380441,
    13.513970129830497,
    13.513434035437447,
    13.51261865752084,
    13.511759240286692,
    13.510338033948626,
    13.509697471346174,
    13.509247827529908,
    13.509468705313546,
    13.50743442262922,
    13.50591687474932,
    13.50552614756993,
    13.505639226096017,
    13.505139003481183,
    13.503468138831002,
    13.504416268212454,
    13.503105129514422,
    13.500884301321847,
    13.503561782836915,
    13.500440154756818,
    13.499914952686854,
    13.50184839793614,
    13.499769081388202,
    13.499304880414691,
    13.499906301498413,
    13.49872270992824,
    13.499258729389735,
    13.497048255375454,
    13.495967960357666,
    13.497185373306275,
    13.496243361064366,
    13.494096067973546,
    13.49583626474653,
    13.495650175639561,
    13.493952832903181,
    13.493521595001221,
    13.494377953665596,
    13.494726875850132,
    13.493131487710135,
    13.492903464181083,
    13.495460605621338,
    13.49292562348502,
    13.491764981406076,
    13.493230506352015,
    13.492745358603342
  ],
  "test_acc": 86.4,
  "z_dim": 30,
  "hidden1": 300,
  "hidden2": 300,
  "learning_rate": 0.0001,
  "batch_size": 100,
  "epochs": 200
}