{
  "test_losses": [
    0.9762222766876221,
    0.7828894257545471,
    0.7284241914749146,
    0.6749992370605469,
    0.6474102735519409,
    0.6236358880996704,
    0.6094068884849548,
    0.6173331141471863,
    0.5973728895187378,
    0.5848475098609924,
    0.5743517279624939,
    0.5701709389686584,
    0.5615291595458984,
    0.5606502294540405,
    0.545926034450531,
    0.5471605062484741,
    0.5344403982162476,
    0.5477124452590942,
    0.5395665168762207,
    0.5288457870483398,
    0.5403755307197571,
    0.529106080532074,
    0.52375727891922,
    0.5188759565353394,
    0.5141657590866089,
    0.5154862999916077,
    0.5160524249076843,
    0.5031651258468628,
    0.5143179893493652,
    0.5098646283149719,
    0.5055837631225586,
    0.5044507384300232,
    0.4988170862197876,
    0.5084039568901062,
    0.4972008466720581,
    0.505320131778717,
    0.49058178067207336,
    0.5037358403205872,
    0.4925881326198578,
    0.4976126551628113,
    0.48606330156326294,
    0.4893057644367218,
    0.5001459717750549,
    0.49560272693634033,
    0.48079657554626465,
    0.5092000365257263,
    0.472097247838974,
    0.48025059700012207,
    0.4758850336074829,
    0.4642341732978821,
    0.4783087968826294,
    0.4820997416973114,
    0.4709171950817108,
    0.466826468706131,
    0.47142037749290466,
    0.47366708517074585,
    0.47270214557647705,
    0.47018522024154663,
    0.47265082597732544,
    0.47187331318855286,
    0.46598514914512634,
    0.4768657088279724,
    0.4702938497066498,
    0.4628865122795105,
    0.4646822512149811,
    0.48090893030166626,
    0.47358444333076477,
    0.4547710120677948,
    0.46274352073669434,
    0.4640360474586487,
    0.48697906732559204,
    0.45256268978118896,
    0.46320420503616333,
    0.46415674686431885,
    0.4744444191455841,
    0.4712435305118561,
    0.48033562302589417,
    0.46471431851387024,
    0.47462475299835205,
    0.47313880920410156,
    0.46655911207199097,
    0.47637709975242615,
    0.4850574731826782,
    0.46706992387771606,
    0.46187469363212585,
    0.47776713967323303,
    0.5170542597770691,
    0.47521618008613586,
    0.49783071875572205,
    0.4945351481437683,
    0.511177122592926,
    0.4799833297729492,
    0.4839646816253662,
    0.47675850987434387,
    0.5157816410064697,
    0.4921291470527649,
    0.4909077286720276,
    0.4906589686870575,
    0.48998546600341797,
    0.5024629831314087
  ],
  "test_acc": 88.919997215271,
  "ce_kls": [
    [
      0.7541342973709106,
      22.20879554748535
    ],
    [
      0.597121000289917,
      18.57684326171875
    ],
    [
      0.5637449622154236,
      16.467926025390625
    ],
    [
      0.5287172198295593,
      14.628204345703125
    ],
    [
      0.4996092915534973,
      14.780095100402832
    ],
    [
      0.47093358635902405,
      15.270234107971191
    ],
    [
      0.47453975677490234,
      13.486715316772461
    ],
    [
      0.4854344129562378,
      13.18986988067627
    ],
    [
      0.462969034910202,
      13.440383911132812
    ],
    [
      0.4500693380832672,
      13.47781753540039
    ],
    [
      0.4420493543148041,
      13.230238914489746
    ],
    [
      0.43775904178619385,
      13.241189002990723
    ],
    [
      0.42929449677467346,
      13.223465919494629
    ],
    [
      0.4285496175289154,
      13.210063934326172
    ],
    [
      0.41199517250061035,
      13.393087387084961
    ],
    [
      0.42149126529693604,
      12.56692123413086
    ],
    [
      0.4085128903388977,
      12.592751502990723
    ],
    [
      0.4251241683959961,
      12.25882625579834
    ],
    [
      0.41246122121810913,
      12.710531234741211
    ],
    [
      0.40572357177734375,
      12.312219619750977
    ],
    [
      0.41494277119636536,
      12.543274879455566
    ],
    [
      0.4015675485134125,
      12.753851890563965
    ],
    [
      0.40360227227211,
      12.01550006866455
    ],
    [
      0.38759544491767883,
      13.12804889678955
    ],
    [
      0.3930274546146393,
      12.1138334274292
    ],
    [
      0.3865870237350464,
      12.889927864074707
    ],
    [
      0.3884761929512024,
      12.757622718811035
    ],
    [
      0.3830399513244629,
      12.012516021728516
    ],
    [
      0.3913726210594177,
      12.294539451599121
    ],
    [
      0.3856108486652374,
      12.425378799438477
    ],
    [
      0.3843475878238678,
      12.123616218566895
    ],
    [
      0.3864768445491791,
      11.79738712310791
    ],
    [
      0.3808835446834564,
      11.793353080749512
    ],
    [
      0.3849811553955078,
      12.342279434204102
    ],
    [
      0.3696898818016052,
      12.7510986328125
    ],
    [
      0.38870394229888916,
      11.661620140075684
    ],
    [
      0.3653307259082794,
      12.525105476379395
    ],
    [
      0.3909563422203064,
      11.277950286865234
    ],
    [
      0.3763794004917145,
      11.62087345123291
    ],
    [
      0.3819422125816345,
      11.567046165466309
    ],
    [
      0.3657964766025543,
      12.026680946350098
    ],
    [
      0.3693588972091675,
      11.994688034057617
    ],
    [
      0.37810415029525757,
      12.204184532165527
    ],
    [
      0.3773557245731354,
      11.824702262878418
    ],
    [
      0.3682735860347748,
      11.252297401428223
    ],
    [
      0.38014140725135803,
      12.905862808227539
    ],
    [
      0.35555022954940796,
      11.654703140258789
    ],
    [
      0.36987513303756714,
      11.037548065185547
    ],
    [
      0.36684584617614746,
      10.903918266296387
    ],
    [
      0.3555142283439636,
      10.871993064880371
    ],
    [
      0.36574840545654297,
      11.256038665771484
    ],
    [
      0.3698311448097229,
      11.226861000061035
    ],
    [
      0.3640678822994232,
      10.684930801391602
    ],
    [
      0.3593451976776123,
      10.748126983642578
    ],
    [
      0.36386123299598694,
      10.755915641784668
    ],
    [
      0.3673687279224396,
      10.629837036132812
    ],
    [
      0.3639078736305237,
      10.879426002502441
    ],
    [
      0.36183062195777893,
      10.83545970916748
    ],
    [
      0.36966341733932495,
      10.298741340637207
    ],
    [
      0.36577048897743225,
      10.610281944274902
    ],
    [
      0.36188602447509766,
      10.409912109375
    ],
    [
      0.3711823523044586,
      10.56833553314209
    ],
    [
      0.3689817786216736,
      10.131206512451172
    ],
    [
      0.35519495606422424,
      10.76915454864502
    ],
    [
      0.36032095551490784,
      10.436129570007324
    ],
    [
      0.3748854994773865,
      10.60234260559082
    ],
    [
      0.37298208475112915,
      10.060235977172852
    ],
    [
      0.35836854577064514,
      9.640247344970703
    ],
    [
      0.36104103922843933,
      10.170248031616211
    ],
    [
      0.3621222972869873,
      10.191373825073242
    ],
    [
      0.38994738459587097,
      9.703166961669922
    ],
    [
      0.35536739230155945,
      9.71953010559082
    ],
    [
      0.3670627772808075,
      9.614142417907715
    ],
    [
      0.36562415957450867,
      9.85325813293457
    ],
    [
      0.3758455812931061,
      9.859884262084961
    ],
    [
      0.3760633170604706,
      9.518021583557129
    ],
    [
      0.37913572788238525,
      10.119990348815918
    ],
    [
      0.36311230063438416,
      10.160202980041504
    ],
    [
      0.37705716490745544,
      9.756760597229004
    ],
    [
      0.3817813992500305,
      9.135740280151367
    ],
    [
      0.3723922073841095,
      9.416690826416016
    ],
    [
      0.3794739842414856,
      9.690312385559082
    ],
    [
      0.393402099609375,
      9.165536880493164
    ],
    [
      0.37606242299079895,
      9.100751876831055
    ],
    [
      0.37318092584609985,
      8.869376182556152
    ],
    [
      0.38413143157958984,
      9.363572120666504
    ],
    [
