{
  "beta": 0.01,
  "test_losses": [
    1.7710513148988996,
    1.4440716743469237,
    1.3316803080695017,
    1.2528932971613749,
    1.2216993306364332,
    1.1704573350293295,
    1.1376296767166683,
    1.1126630450998034,
    1.099231995003564,
    1.0804804938180106,
    1.0688112365348,
    1.0621861921889442,
    1.0480442519698825,
    1.0374586901494436,
    1.034859882933753,
    1.0268080013138907,
    1.024816107749939,
    1.0144939013889858,
    1.0836286646979196,
    1.0040748008659908,
    0.9989295818975994,
    0.9978159197739193,
    0.9943623517240797,
    0.9958050719329289,
    0.988036870104926,
    0.9855881409985678,
    0.9843171958412443,
    0.9817366557461875,
    0.9824722085680281,
    0.9830017038754054,
    1.0212543623788015,
    0.9759071954659053,
    0.9735518451247896,
    0.9721713913338524,
    0.9725115486553737,
    0.9724028076444353,
    0.9710588868175234,
    0.9717546543904714,
    0.9718361433063235,
    0.9731507360935211,
    0.9696761574063982,
    0.9693676343985966,
    0.9694504486663001,
    0.9690215796232223,
    0.9685659425599235,
    0.9684449076652527,
    0.9689344116619655,
    0.9676871125187193,
    0.9696902219738279,
    0.9662190079689026,
    0.9724263442414147,
    0.9675307848623821,
    0.9667424163648061,
    0.9649658535208021,
    0.9667438515595027,
    0.96504200058324,
    0.9648920553071159,
    0.9658484680312021,
    0.964955004623958,
    0.9660530652318682,
    0.9640896695000785,
    0.9636166870594025,
    0.9630515924521855,
    0.9629803998129708,
    0.9640264485563551,
    0.9645699743713652,
    0.9635910928249359,
    0.9632943949529102,
    0.9666877239942551,
    0.9665967157908848,
    0.9660941341093608,
    0.9645948397261755,
    0.9650081425905228,
    0.9661118162529809,
    0.964637793813433,
    0.9651127951485771,
    0.9664836317300797,
    0.9646613091230393,
    0.9650916704109737,
    0.965618532044547,
    0.9646787345409393,
    0.9652143729584558,
    0.9663381776639394,
    0.9658076043639864,
    0.965350154042244,
    0.9654810552086149,
    0.9655322926385063,
    0.968381702048438,
    0.9655809015035629,
    0.9654806571347373,
    0.9659836773361479,
    0.9673002507005419,
    0.9666742448295865,
    0.9658863140004021,
    0.9670961141586304,
    0.9665131155933653,
    0.9670037307909557,
    0.9675959046397891,
    0.9669361276285989,
    0.9669700316020421,
    0.969954623920577,
    0.9677879014185496,
    0.9683808743953705,
    0.9678816229104996,
    0.9688228581632886,
    0.9680898240634374,
    0.9685032950980322,
    0.96871466253485,
    0.9679165682622365,
    0.9689609357288905,
    0.9685858879770551,
    0.9697293898888997,
    0.9695376987968173,
    0.9688288190535137,
    0.9690311142376491,
    0.9697092839649746,
    0.9704727083444595,
    0.9692602630172457,
    0.9686253990445818,
    0.9698724244322096,
    0.969972705415317,
    0.9697906698499407,
    0.9704459892851965,
    0.9704067489930561,
    0.9706490244184222,
    0.9700527046407972,
    0.9693903752735683,
    0.9711108565330505,
    0.9699056450809751,
    0.9706034473010472,
    0.9708533304078238,
    0.9715844401291438,
    0.9718801081180573,
    0.9720242670604161,
    0.9711121103593281,
    0.9709000613008226,
    0.971132203085082,
    0.971209203345435,
    0.971288412809372,
    0.9715576614652361,
    0.9723975258214134,
    0.9722468652895518,
    0.9723727507250649,
    0.9715139291116169,
    0.9715190725667137,
    0.9718425725187574,
    0.97161169222423,
    0.9731454832213265,
    0.9716677712542671,
    0.9732798154864992,
    0.9726820085729871,
    0.9714705663067954,
    0.9722839781216213,
    0.9726684306349073,
    0.9721085625035423,
    0.9737956311021533,
    0.973325423683439,
    0.9735290565661021,
    0.9743122811828341,
    0.9738331219979695,
    0.9742086661713464,
    0.9738091017518725,
    0.9740071360554013,
    0.9733580069882529,
    0.9745767878634589,
    0.9734511460576739,
    0.97420446063791,
    0.9743841009480613,
    0.9734918607132775,
    0.9732525421040399,
    0.975147875717708,
    0.9740542773689542,
    0.9749189815350942,
    0.9744045815297535,
    0.9746004521846772,
    0.9747136690786906,
    0.9747089990547725,
    0.9742722145148686,
    0.9737941644021443,
    0.9742727092334202,
    0.9749689536435263,
    0.9743494144507817,
    0.9743173054286411,
    0.9757713228464127,
    0.9745888092688152,
    0.9750129691192082,
    0.9743396954877036,
    0.9746944751058306,
    0.9760090151003429,
    0.9748481503554753,
    0.9750942609139851,
    0.9753035098314286,
    0.9745892801455089,
    0.9748861159597124,
    0.9745988709586008,
    0.9750473141670227,
    0.9753612441676004,
    0.975652191894395,
    0.9766612593616758,
    0.9755422664540154
  ],
  "test_acc": 97.55,
  "z_dim": 30,
  "hidden1": 300,
  "hidden2": 300,
  "learning_rate": 0.0001,
  "batch_size": 100,
  "epochs": 200
}