{
  "beta": 0.01,
  "test_losses": [
    0.8493493734087263,
    0.5650085539136614,
    0.45615576921190537,
    0.3977940996715001,
    0.3522126864024571,
    0.3261211218833923,
    0.3061226371356419,
    0.283207663331713,
    0.2862997698613576,
    0.2684279374395098,
    0.2615511478015355,
    0.252001772744315,
    0.25295508888789586,
    0.24895410193715778,
    0.2432868778875896,
    0.2406032189811979,
    0.2394441077028002,
    0.23977383198056904,
    0.23071614636693683,
    0.2337251226902008,
    0.22830528954097204,
    0.2533097274814333,
    0.2311498636347907,
    0.22959307387896946,
    0.22779892533166068,
    0.22788154213769096,
    0.23704383972712925,
    0.23238628670147488,
    0.22656967180115836,
    0.22258294667516437,
    0.2258713893209185,
    0.21904328270469392,
    0.22633286898476737,
    0.22159588878495354,
    0.22825327563285827,
    0.22372926233495985,
    0.22252918563570295,
    0.2181499972854342,
    0.2270958137682506,
    0.22331591875212534,
    0.2233251824719565,
    0.23370344843183244,
    0.22397051058496747,
    0.22537519110952106,
    0.22224100508008685,
    0.22660297531741005,
    0.22929360462086543,
    0.22281743295703615,
    0.2246740062407085,
    0.22825363751820155,
    0.22514830783435277,
    0.22542588514941078,
    0.2214176380634308,
    0.21564911018099103,
    0.2227228948729379,
    0.231562716960907,
    0.22327645565782275,
    0.22374154249259404,
    0.223964915735381,
    0.22714993065595626
  ],
  "test_acc": 96.83571428571429,
  "z_dim": 30,
  "hidden1": 300,
  "hidden2": 300,
  "learning_rate": 0.0001,
  "batch_size": 64,
  "epochs": 60
}