{
  "beta": 0.1,
  "test_losses": [
    11.015259102412633,
    10.946205132348197,
    10.867537593841552,
    10.824666466031756,
    10.7973349911826,
    10.77958893094744,
    10.766253532682146,
    10.756538009643554,
    10.74964655467442,
    10.742528356824602,
    10.73618927683149,
    10.731137881960187,
    10.644369622639248,
    10.568196419307164,
    10.537472752162389,
    10.484176090785436,
    10.41986403465271,
    10.354224211829049,
    10.205492414746965,
    10.013014105388097,
    9.918255615234376,
    9.845493561880929,
    9.783901166915893,
    9.737923152106148,
    9.69276191847665,
    9.659605612073626,
    9.623329836981638,
    9.588618162700108,
    9.546723420279367,
    9.494225127356392,
    9.39952975000654,
    9.345222691127232,
    9.305586310795375,
    9.250260618754796,
    9.21023941721235,
    9.17987732206072,
    9.155798591886247,
    9.133433641706194,
    9.116604709625244,
    9.102634177889144,
    9.085268756321499,
    9.0748343535832,
    9.067425298690797,
    9.056190661021642,
    9.040410784312657,
    9.03423308644976,
    9.026577833720616,
    9.021567862374441,
    9.013138546262468,
    9.00848617553711,
    9.003210994175502,
    8.999071979522705,
    8.991834041050502,
    8.987645258222308,
    8.985527685710363,
    8.980925968715123,
    8.973660523550851,
    8.97512607574463,
    8.978691496167864,
    8.968204041889736,
    8.965261908939906,
    8.964361122676305,
    8.96078291620527,
    8.962626205171858,
    8.958897863115583,
    8.955106891904558,
    8.957158293042864,
    8.954448924745833,
    8.947569697243827,
    8.9487384387425,
    8.947659363065448,
    8.944190284184048,
    8.942388153076172,
    8.950022786004203,
    8.946117946079799,
    8.940811688559396,
    8.937492786134992,
    8.941869490487235,
    8.94636925969805,
    8.9420880317688,
    8.937722873687743,
    8.936142267499651,
    8.93551813534328,
    8.940413754326956,
    8.938073233195714,
    8.935878562927247,
    8.939797054018292,
    8.93624108178275,
    8.932932281494141,
    8.929935162408011,
    8.93072351046971,
    8.935757861818587,
    8.933041157041277,
    8.93059572492327,
    8.929686920983452,
    8.931103999274118,
    8.929192761012485,
    8.927291938236781,
    8.926613351276943,
    8.932090146200997,
    8.927043431145805,
    8.923524325234549,
    8.928109645843506,
    8.926461935043335,
    8.926426921572004,
    8.92354600770133,
    8.931044346945626,
    8.931975896017892,
    8.92711272920881,
    8.927717229298183,
    8.925505025046212,
    8.923777886799403,
    8.923819630486625,
    8.926799692426409,
    8.92304618018014,
    8.924428742272513,
    8.923143931797572,
    8.92986900465829,
    8.923660278320312,
    8.922757904870169,
    8.924346678597587,
    8.924083055768694,
    8.921957097734724,
    8.921645818437849,
    8.926959248951503,
    8.92359081677028,
    8.921812166486468,
    8.93457704271589,
    8.925198554992676,
    8.925282914297922,
    8.926321922029768,
    8.92147250175476,
    8.922081177575247,
    8.923579474857876,
    8.923865393229894,
    8.923885910851615,
    8.923508623668125,
    8.921111863000052,
    8.922259698595319,
    8.92502568789891,
    8.923564536230904,
    8.92325508253915,
    8.924539143698556,
    8.921102203641619,
    8.920492110933576,
    8.924239798954554,
    8.92195997919355,
    8.921095943450927,
    8.922232225963048,
    8.925330938611712,
    8.920949847357614,
    8.924871240343366,
    8.918828160422189,
    8.92093118940081,
    8.918938643591744,
    8.923088509695871,
    8.921472345079694,
    8.92258015360151,
    8.921172945840018,
    8.921399532045637,
    8.922276415143694,
    8.92237798827035,
    8.922338860375541,
    8.923046486718315,
    8.923358065741402,
    8.923670271464756,
    8.923756790161132,
    8.92188151223319,
    8.922197335106986,
    8.921130779811314,
    8.925376517432076,
    8.92546285901751,
    8.925589050565447,
    8.922915254320417,
    8.921767098563057,
    8.924930926731655,
    8.923285470690047,
    8.923003087724958,
    8.922102778298514,
    8.91980094228472,
    8.924763059616089,
    8.922625500815256,
    8.921519892556327,
    8.921211106436592,
    8.924234553745814,
    8.92232119015285,
    8.91988742010934,
    8.921225370679583,
    8.922418028967721,
    8.920026084354946,
    8.921370717457362,
    8.924094806398664,
    8.92518777166094,
    8.921626370293753,
    8.920828185762678,
    8.923408699035644,
    8.923939418792724,
    8.925672660555158,
    8.924549307141985,
    8.923164326804025
  ],
  "test_acc": 95.53571428571429,
  "z_dim": 30,
  "hidden1": 300,
  "hidden2": 300,
  "learning_rate": 0.0001,
  "batch_size": 100,
  "epochs": 200
}