{
  "beta": 0.1,
  "test_losses": [
    5.009984602791922,
    2.9989533179146903,
    2.78822582926069,
    2.7222510566711424,
    2.6936464925493513,
    2.6818374388558524,
    2.6577851281847273,
    2.6453515486036028,
    2.6336808041163855,
    2.6125829429626464,
    2.593197665623256,
    2.5721101771763393,
    2.555150778906686,
    2.5378169389452254,
    2.518602171761649,
    2.5041162016732352,
    2.4918005992344447,
    2.4867706015450612,
    2.4676950789860315,
    2.4587982946123397,
    2.4499869488307406,
    2.4437004528045656,
    2.4310103351048062,
    2.4093151896340506,
    2.3949862894330707,
    2.3770534599849156,
    2.351051969528198,
    2.3344857815333775,
    2.3101249397822787,
    2.2754381790161133,
    2.256775084086827,
    2.2327251445225307,
    2.2064908512660435,
    2.1886084807259696,
    2.165782475880214,
    2.1558162566593717,
    2.136871917997088,
    2.1216492631094797,
    2.1082718099866593,
    2.0938901816776823,
    2.0823708204541886,
    2.0692576708112442,
    2.0635940486363,
    2.0464564970561434,
    2.04572262437003,
    2.025809640611921,
    2.0177213345936367,
    2.0089992066792077,
    1.9912731406348092,
    1.983637528010777,
    1.957232000895909,
    1.9378113681248257,
    1.9172840524400983,
    1.894374147278922,
    1.8690362216404506,
    1.8532207340512956,
    1.8353269019808087,
    1.8190658580235073,
    1.800643409047808,
    1.7865431551252093,
    1.7741567587171283,
    1.7586339985983712,
    1.744876224245344,
    1.7354653596878051,
    1.71793357195173,
    1.7046882217952184,
    1.6931097552435739,
    1.6827769031524658,
    1.6633764731543406,
    1.653329092161996,
    1.641862994466509,
    1.627512987954276,
    1.616326148714338,
    1.6071712255477906,
    1.5948254004887172,
    1.5837537539345878,
    1.5684276078087942,
    1.5587865371704102,
    1.5462702336992535,
    1.536085156440735,
    1.5257133993421281,
    1.509930269922529,
    1.495058282988412,
    1.4875945078986033,
    1.4820935970033917,
    1.4674207703726632,
    1.457525892666408,
    1.4519325987952096,
    1.4417421706063407,
    1.434742851802281,
    1.4252602796554565,
    1.4126516861234393,
    1.3989537944793702,
    1.3921266719273158,
    1.3833019850594657,
    1.3782425218309675,
    1.3749564601353237,
    1.3626339604513986,
    1.3514170694351195,
    1.343728246825082,
    1.3376486112049648,
    1.3285881169182914,
    1.322360589299883,
    1.3177627104350498,
    1.3127106531688144,
    1.2977621822357177,
    1.2977148869378226,
    1.2864145453316824,
    1.2800754458563668,
    1.2785134051186697,
    1.277231927054269,
    1.271731351034982,
    1.260239675930568,
    1.2546601058415003,
    1.2598133333751134,
    1.245581492151533,
    1.2408904748644147,
    1.2329657222202846,
    1.233774779319763,
    1.229819158417838,
    1.2221334039143155,
    1.2159511256899151,
    1.2066308879852294,
    1.210662913458688,
    1.2044795491354805,
    1.2004835793631417,
    1.1947359095982142,
    1.1925971960340227,
    1.1820652735573904,
    1.1828463024411882,
    1.1901457952771868,
    1.1736406241825648,
    1.1775415906906128,
    1.1667362913404191,
    1.1715706071853638,
    1.1701968499592372,
    1.1538589525222778,
    1.1519712202889578,
    1.1627021703720093,
    1.1577906611306328,
    1.14683779498509,
    1.1498113136291503,
    1.1414946240016393,
    1.1388236321040561,
    1.1383377177374703,
    1.139860303061349,
    1.139549856185913,
    1.1323358392715455,
    1.125228575706482,
    1.1295048844473703,
    1.1282411163875035,
    1.1196194432122366,
    1.1245582144601005,
    1.1121378340039934,
    1.1212151679992677,
    1.119866396359035,
    1.1180539410454886,
    1.1149290531703404,
    1.1057865344456264,
    1.1190194446018764,
    1.1028207499640328,
    1.0966574856894358,
    1.098632520675659,
    1.100485637664795,
    1.0957837350027901,
    1.0998090592793055,
    1.0998992349079677,
    1.0976821611949377,
    1.0915721250261579,
    1.0922408489499773,
    1.0890986091068813,
    1.0841003871645247,
    1.0907517288752964,
    1.0857226784569876,
    1.08097321837289,
    1.0820091697147913,
    1.0754462750298637,
    1.0763388508387974,
    1.081955071721758,
    1.0732666620526996,
    1.079061112676348,
    1.07163170841762,
    1.069942035811288,
    1.076664079121181,
    1.0623868980407716,
    1.0573692795889718,
    1.0676592606135777,
    1.0673499517440797,
    1.0635656220572336,
    1.063092015675136,
    1.0559409964425224,
    1.05687157194955,
    1.0545021626608713,
    1.0536272555759976,
    1.0621714354923792,
    1.0532814935956683,
    1.0592397346496583,
    1.0558707516533987,
    1.0565299118586948,
    1.0488641119003297,
    1.047901826586042,
    1.0498715532847813,
    1.047487917968205,
    1.0440264825820922,
    1.0514341575077601,
    1.0445562280927385,
    1.043718498638698,
    1.0479056889670235,
    1.0437575333459037,
    1.0410595955167499,
    1.0345085804803031,
    1.048009301185608,
    1.0460743545804705,
    1.0398533094951086,
    1.0328360498973301,
    1.0410725026811871,
    1.0307696538652693,
    1.0261939544677734,
    1.0314489812850953,
    1.0292583119528633,
    1.039431317465646,
    1.0354318323135376,
    1.037495325905936,
    1.0258400468826294,
    1.0220412736620221,
    1.0311004929542542,
    1.0293814567838397,
    1.0208512555531093,
    1.0224974685396466,
    1.031384056363787,
    1.0196243188040597,
    1.0280192604064942,
    1.0165532801491874,
    1.0232036642347064,
    1.0242213715825763,
    1.0224075092588152,
    1.0167785517828805,
    1.0151337885175433,
    1.0058949421473913,
    1.0184674934659685,
    1.0063190626416887,
    1.009004692350115,
    1.0035735665730068,
    1.0170873838152203,
    1.0162819821493967,
    1.013281894138881,
    1.0084804695674352,
    1.0137679130009243,
    1.0119393612316676,
    1.009811811719622,
    1.0012969809940884,
    1.0064975140435355,
    1.0127746466909135,
    1.0100719484601701,
    1.0032532398360117,
    1.0104290499006,
    0.9922638912200927,
    0.9978815576008387,
    0.9970206387383598,
    0.9928794907161168,
    0.9914812147957938,
    0.9877033254078457,
    0.9874465691702706,
    0.9932721109390259,
    0.9872000752857754,
    0.9976115015574863,
    0.9936435510090419,
    0.9898308454241072,
    0.991621242250715,
    0.9821018176759992,
    0.9836001017434256,
    0.991994917188372,
    0.9829760887963431,
    0.9860919648579188,
    0.9827024743216378,
    0.9823919984272548,
    0.9865885212080819,
    0.9846608139446803,
    0.9864475475038801,
    0.9844989504132952,
    0.9739825064795358,
    0.9728498510633196,
    0.9756168603897095,
    0.9810095914431981,
    0.9707794936043875,
    0.9708487789971488,
    0.9629426165989468,
    0.9805984664644514,
    0.9723903636932373,
    0.9672562819889614,
    0.9737501652581351,
    0.9696671176637922,
    0.9699454323904855,
    0.9788498529706683,
    0.9733414515086583,
    0.9568197851181031,
    0.9621565189361573,
    0.9717040804454259,
    0.9695224838256836,
    0.9697241582870484,
    0.965849419593811,
    0.9553334119660514,
    0.9638385936192104,
    0.9630968938555037,
    0.9645630730220249,
    0.9683724801199777,
    0.9591297730037144,
    0.9672563093730382,
    0.9517985373905726,
    0.9435186672210694,
    0.9557834288733346,
    0.9603904887608119,
    0.9578093848228455,
    0.9595850765364511,
    0.9506206196376256,
    0.9512104278291975,
    0.9528822514670235,
    0.947408922467913,
    0.9481642583438329,
    0.9539141585486276,
    0.9544227055140904,
    0.9559212262289865,
    0.948751803125654,
    0.9469957492010934,
    0.9498898547036307,
    0.9479427496365138,
    0.9577844032560076,
    0.9503177925518581,
    0.9429000535011292,
    0.9358814328057425,
    0.9409548867770604,
    0.9498872473580496,
    0.9563570349557059,
    0.9507843597957066,
    0.9493743594033377,
