{
  "beta": 0.0005,
  "test_losses": [
    0.6185092818396432,
    0.45558504581451414,
    0.39361487892695834,
    0.35496522658211843,
    0.334632666179112,
    0.3220109197412218,
    0.31964118354661125,
    0.31795476044927323,
    0.32657701243673054,
    0.30882583788463047,
    0.30721847888401577,
    0.30779688140324185,
    0.3006434295518058,
    0.30044826493944443,
    0.31236763298511505,
    0.2994101704188756,
    0.30388876230376105,
    0.3081529041699001,
    0.3082882162332535,
    0.3041989885057722,
    0.30170935663155146,
    0.33148361919607433,
    0.31880048285211837,
    0.32662327548435754,
    0.3102616757154465,
    0.3174604501383645,
    0.3250882281575884,
    0.31867249277659826,
    0.3177185550076621,
    0.3267853476319994,
    0.3128360981600625,
    0.3228128797667367,
    0.3085654094730105,
    0.31806493806838987,
    0.32324108849252975,
    0.31849724064554485,
    0.3220600650651114,
    0.3248986477000373,
    0.3240444228649139,
    0.3176265356200082,
    0.3211740710394723,
    0.3316073147569384,
    0.3217040070125035,
    0.3217937867641449,
    0.3242120815685817,
    0.33048022277014594,
    0.3235130112341472,
    0.32254508219446454,
    0.3170813747644424,
    0.32275182867050173
  ],
  "test_acc": 96.12857142857143,
  "z_dim": 75,
  "hidden1": 300,
  "hidden2": 300,
  "learning_rate": 0.0001,
  "batch_size": 64,
  "epochs": 50
}