{
  "beta": 0.01,
  "test_losses": [
    2.4940554575238907,
    2.2803534747532437,
    2.253491899217878,
    2.414741570064,
    2.0706266944067817,
    2.239025543485369,
    1.9257788257598878,
    1.7691250628062658,
    2.043476703098842,
    1.9098204204014368,
    1.921661495889936,
    1.7512624326433455,
    1.679871994291033,
    1.6739428642817906,
    1.5534745294025967,
    1.4788864375523159,
    1.7216661796569823,
    1.5590325890949794,
    1.5240006583077568,
    1.982085247039795,
    1.4817431161063057,
    3.4350935396466937,
    1.7281537862505232,
    1.7071614031110491,
    1.4297267770767212,
    1.3443152238300868,
    1.5196925875799996,
    1.4551208269936697,
    1.5825570106506348,
    1.3649851786749703
  ],
  "test_acc": 72.21428571428571,
  "z_dim": 30,
  "hidden1": 300,
  "hidden2": 300,
  "learning_rate": 0.0001,
  "batch_size": 256,
  "epochs": 30
}