{
  "beta": 1.0,
  "test_losses": [
    1.7947711296081543,
    1.1265888644627162,
    0.7743172345842634,
    0.6274057565416609,
    0.5294667407444545,
    0.4738251345498221,
    0.4344795618397849,
    0.3957543529101781,
    0.3826835298538208,
    0.35403520563670565,
    0.3352229218482971,
    0.3514945558139256,
    0.3262547961643764,
    0.32934824190820966,
    0.3207593205996922,
    0.30772738252367293,
    0.317510005065373,
    0.31036332961491175,
    0.3177009676524571,
    0.3050017239366259,
    0.310467303446361,
    0.2868747350318091,
    0.2997514694758824,
    0.29472531495775495,
    0.29071602395602636,
    0.28296975844247,
    0.2813444845676422,
    0.2803244021790368,
    0.28968607434204646,
    0.29196404715946744,
    0.2858167420625687,
    0.2801092069149017,
    0.295969744682312,
    0.2791933574676514,
    0.28253850299971445,
    0.2792969815390451,
    0.294284351008279,
    0.28482864386694773,
    0.26979467380046845,
    0.2882899961471558,
    0.27758298982892715,
    0.2879400920186724,
    0.2765473890645163,
    0.28775510440553936,
    0.28169033915655955,
    0.27357122390610833,
    0.2831772427218301,
    0.27948386439255307,
    0.2829918679169246,
    0.26649324786663053
  ],
  "test_acc": 98.23571428571428,
  "z_dim": 30,
  "hidden1": 300,
  "hidden2": 300,
  "learning_rate": 0.0001,
  "batch_size": 64,
  "epochs": 50
}