{
  "beta": 0.005,
  "test_losses": [
    2.861774653026036,
    2.1568151411328995,
    1.9432789034162248,
    1.813157857622419,
    1.749262483188084,
    1.71890452003479,
    1.7002620003564017,
    1.688419839859009,
    1.6767552137374877,
    1.6663899029323033,
    1.6625665355409895,
    1.653631069455828,
    1.655562565939767,
    1.6468470213753836,
    1.6456728875296456,
    1.6472018134253366,
    1.6464148424693517,
    1.646811624799456,
    1.6476002843039377,
    1.644360303061349,
    1.6389763178144183,
    1.6439490280151368,
    1.6434566591807773,
    1.6384246729442051,
    1.6402612246104649,
    1.632585889543806,
    1.6382755787713188,
    1.6336264144352504,
    1.639374855041504,
    1.6478265184674945,
    1.6373004710333687,
    1.6384510680607387,
    1.6354376916885376,
    1.6365345713751656,
    1.6311211534227643,
    1.6305923603602819,
    1.6374263569968088,
    1.6346704440798079,
    1.6356570791516984,
    1.6394735903058733,
    1.6406816963468278,
    1.6406339415141515,
    1.6395290543692453,
    1.6394211060660226,
    1.6394192902701241,
    1.6436573231560843,
    1.644744381768363,
    1.6492485630852836,
    1.6464420874459402,
    1.6426556121281215,
    1.6472716260637557,
    1.6439711509432111,
    1.6481565108980452,
    1.6529447363444738,
    1.649504274913243,
    1.647868159702846,
    1.6537228108814785,
    1.6464324899400984,
    1.652979182924543,
    1.6577336145128523,
    1.6625779375348773,
    1.6571729523794991,
    1.6544280981336321,
    1.6585123545782907,
    1.6596675423213414,
    1.6611963806152343,
    1.6634164355141776,
    1.6674823668343681,
    1.6663608030591692,
    1.663513166155134,
    1.6682779260362897,
    1.666516153744289,
    1.667166191646031,
    1.6654888293402537,
    1.6697013706479753,
    1.6706518434797015,
    1.6728035678863526,
    1.669316004889352,
    1.6700533571243286,
    1.6765102732522148,
    1.6781192513874599,
    1.6771303799492971,
    1.6810428936822073,
    1.6766266157967704,
    1.6831628987448557,
    1.682479703766959,
    1.6834324457986014,
    1.6862022765023368,
    1.6844894905090333,
    1.6912710680280414,
    1.6830730976377215,
    1.6866414880752563,
    1.6915038776397706,
    1.6899921466282435,
    1.6897324414934431,
    1.6903676752362933,
    1.6934284843717302,
    1.6927712523596627,
    1.6936349514552524,
    1.6911629401615689
  ],
  "test_acc": 94.97857142857143,
  "z_dim": 75,
  "hidden1": 300,
  "hidden2": 300,
  "learning_rate": 0.0001,
  "batch_size": 64,
  "epochs": 100
}