{
  "beta": 0.01,
  "test_losses": [
    3.7355360848563057,
    3.07690540095738,
    2.671236755643572,
    2.1389565064566476,
    1.8112988886151995,
    1.5682803216661725,
    1.3852408579417637,
    1.2363895582471576,
    1.1035985644204276,
    0.9361303340366909,
    1.0823436920983451,
    0.9761138865607125,
    0.7810988399641854,
    0.7903194343703134,
    0.6924965140478951,
    0.6185259005001613,
    0.5786921942574638,
    0.5376269423621042,
    0.5114742526326861,
    0.4867578808920724
  ],
  "test_acc": 93.52857142857142,
  "z_dim": 30,
  "hidden1": 300,
  "hidden2": 300,
  "learning_rate": 0.0001,
  "batch_size": 256,
  "epochs": 20
}