{
  "beta": 0.01,
  "test_losses": [
    2.4940554575238907,
    2.2803534747532437,
    2.253491899217878,
    2.414741570064,
    2.0706266944067817,
    2.239025543485369,
    1.9257788257598878,
    1.7691250628062658,
    2.043476703098842,
    1.9098204204014368
  ],
  "test_acc": 56.41428571428571,
  "z_dim": 30,
  "hidden1": 300,
  "hidden2": 300,
  "learning_rate": 0.0001,
  "batch_size": 256,
  "epochs": 10
}