{
  "beta": 0.001,
  "test_losses": [
    0.502813797550542,
    0.38118248603173666,
    0.32973668149539404,
    0.3010485946067742,
    0.2766114363712924,
    0.2608444200030395,
    0.2481925802571433,
    0.23846018548522677,
    0.2310494797570365,
    0.22437617225306375,
    0.21974391766956874,
    0.22182694471308162,
    0.2077464520931244,
    0.2053370299083846,
    0.2067847025181566,
    0.20625320092907973,
    0.19660010422979082,
    0.19443262384406157,
    0.18917966144425527,
    0.18828548437782697,
    0.1862757412450654,
    0.1860074188028063,
    0.18660941453916685,
    0.18618703154580935,
    0.21140513707484518,
    0.19063105162765298,
    0.18254467472434044,
    0.1812161603144237,
    0.18157208184046406,
    0.18084871960537774,
    0.18104618197040898,
    0.18029530351715428,
    0.18060329162648747,
    0.18017751021044595,
    0.1802233472998653,
    0.1811823238751718,
    0.1987609012318509,
    0.17978064785046236,
    0.17713297062686512,
    0.17673853268580778,
    0.17603207943694932,
    0.1761567186564207,
    0.1763616441083806,
    0.1763473166418927,
    0.17672490812838076,
    0.1765189813716071,
    0.176928406261972,
    0.17758577790643487,
    0.17693187349608966,
    0.18035408822553498,
    0.17927838249930314,
    0.17778537693832602,
    0.20113879681697913,
    0.18971239817993982,
    0.1806881431490183,
    0.17912185021809168,
    0.17794301116040775,
    0.1774670584393399,
    0.17723656403166907,
    0.17747359754783767,
    0.17714416826409954,
    0.17760087805134908,
    0.17650506725268705,
    0.177420681395701,
    0.1770141517477376,
    0.17735098153352738,
    0.17688225097954274,
    0.17820530650871141,
    0.17847461817520005,
    0.19645792096853257,
    0.18980060166546275,
    0.1832371940038034,
    0.18185905734343188,
    0.1819279769169433,
    0.18084600743438517,
    0.1802579621651343,
    0.18066902511886188,
    0.18040150340114322,
    0.1806711702474526,
    0.18037732632032463,
    0.17984310569507736,
    0.18104759880474636,
    0.17975170383495945,
    0.1806977749403034,
    0.2127508386437382,
    0.18781747668981552,
    0.1815495692193508,
    0.18101609471653188,
    0.18014533620859896,
    0.1795476463756391,
    0.17960589969796795,
    0.1796985867300204,
    0.17969452376876557,
    0.17940139839691774,
    0.17963885052927903,
    0.18010391598301276,
    0.1806464822696788,
    0.1812349676553692,
    0.1812128714684929,
    0.18154768986361366,
    0.18118306643196513,
    0.18192094532506806,
    0.18179963768592902,
    0.18234307308282172,
    0.18203679035816875,
    0.18247240387967656,
    0.18228577487170697,
    0.1821137252662863,
    0.1817993507853576,
    0.18286567372935159,
    0.18310865238308907,
    0.1828651059951101,
    0.18286506666668823,
    0.18328200365815844,
    0.1828258376568556,
    0.1837165949067899,
    0.18408050079430852,
    0.18351315408945085,
    0.18257810244602815,
    0.18377695812710693,
    0.1843919412898166,
    0.18464516193739006,
    0.18555668933050973,
    0.18541184844715256,
    0.18533769734203814,
    0.1856230955570936,
    0.18453366117818015,
    0.1846200258604118,
    0.1854283737816981,
    0.18545995711215904,
    0.18636101713137967,
    0.18550316100674016,
    0.1862405464053154,
    0.18566922689122814,
    0.18595564301524845,
    0.18625662491789885,
    0.18633407460791723,
    0.18660805502108166,
    0.18597976666476046,
    0.18651065927531038,
    0.18748726174235344,
    0.1867593559303454,
    0.1876692953386477,
    0.18733257012707846,
    0.18789707076336656,
    0.18708437564117567,
    0.1871881223150662,
    0.18807516981448447,
    0.187442887787308,
    0.18847217288400445,
    0.18749249194349563,
    0.18764899389020034,
    0.1886688994509833,
    0.1882110786757299,
    0.1878417802176305,
    0.18948171686913287,
    0.18908982910215855,
    0.19000388011336328,
    0.18967932861830508,
    0.18951840028166772,
    0.1907600517251662,
    0.19035126327403953,
    0.1903496774179595,
    0.18963167411940438,
    0.19088429446731295,
    0.19027464788939272,
    0.1902225026594741,
    0.19107422126191004,
    0.19064448896263328,
    0.19100507428603514,
    0.1921072570340974,
    0.1915641974657774,
    0.19063455797731876,
    0.19122254960238932,
    0.19270935681249415,
    0.19155993525471007,
    0.19284503795206548,
    0.1919424050620624,
    0.1915979729699237,
    0.19244262230183398,
    0.19243904267038617,
    0.1925298447055476,
    0.19260324495179312,
    0.19305928663483687,
    0.19255031788987773,
    0.1930613549160106,
    0.191965624583619,
    0.19398986718484335,
    0.19344520643353463,
    0.19227853412074702,
    0.1931551796517202,
    0.19363002777099608,
    0.19394564575382642,
    0.19343093473996434,
    0.19321571263883794,
    0.19280589877494744,
    0.19382888967437403,
    0.19458057369504655,
    0.19446382176663193,
    0.1937141947980438
  ],
  "test_acc": 97.51428571428572,
  "z_dim": 30,
  "hidden1": 300,
  "hidden2": 300,
  "learning_rate": 0.0001,
  "batch_size": 100,
  "epochs": 200
}