{
  "beta": 0.001,
  "test_losses": [
    0.40881683237212046,
    0.3017928283555167,
    0.23672322562762668,
    0.21426405937331064,
    0.18682770456586564,
    0.17458093588692802,
    0.16612618248803274,
    0.15282848017556327,
    0.1452913904615811,
    0.14070733635766167,
    0.13951190262181418,
    0.15124160078593663,
    0.13397039609295983,
    0.14321003259931292,
    0.1315722257920674,
    0.1349917187009539,
    0.1708098783493042,
    0.12874518802336285,
    0.1246461535521916,
    0.12975270859684263,
    0.13682530673912593,
    0.13257684168645315,
    0.1312650633794921,
    0.13054753682443074,
    0.1262371985912323,
    0.1456168816600527,
    0.13219072568842344,
    0.13594521707296373,
    0.11918691144245011,
    0.13014021392805236,
    0.12367414608597756,
    0.12801816653353829,
    0.12100042550904411,
    0.1193245248070785,
    0.12133333051204681,
    0.12562601889031275,
    0.12377316153900964,
    0.12449303480557034,
    0.13778446492978505,
    0.12795118529456,
    0.13147329248700823,
    0.1358679877264159,
    0.13270614832639693,
    0.13417330351046153,
    0.12920061102935246,
    0.1262158174770219,
    0.1254682885493551,
    0.12640168641294752,
    0.1306651048234531,
    0.13268462549788612
  ],
  "test_acc": 97.67142857142858,
  "z_dim": 30,
  "hidden1": 300,
  "hidden2": 300,
  "learning_rate": 0.0001,
  "batch_size": 64,
  "epochs": 50
}