{
  "beta": 0.1,
  "test_losses": [
    17.26575730242048,
    10.254376045227051,
    5.927708626338414,
    4.176776628766741,
    3.235338592529297,
    2.8671589475359234,
    2.7403610692705427,
    2.661572873524257,
    2.587621500287737,
    2.53696244430542,
    2.502360105242048,
    2.4782979322160994,
    2.446171719687326,
    2.427735772541591,
    2.430194672993251,
    2.3677001307351246,
    2.332938574382237,
    2.2920220808301655,
    2.268969157900129,
    2.248102846963065
  ],
  "test_acc": 19.12142857142857,
  "z_dim": 30,
  "hidden1": 300,
  "hidden2": 300,
  "learning_rate": 0.0001,
  "batch_size": 256,
  "epochs": 20
}