{
  "beta": 0.01,
  "test_losses": [
    1.804392936025347,
    1.3329705882753644,
    1.1530468790871757,
    2.0962749580655777,
    1.75749091897692,
    1.4455494358880179,
    2.018182703290667,
    1.417130747113909,
    1.2600489736284528,
    1.152690469469343,
    1.1568598294939314,
    1.7420310089928763,
    1.19012904385158,
    1.4603574939455304,
    1.0666505281584604,
    1.0276233876092093,
    0.9139789920534407,
    1.0686581461770195,
    0.9084470335415431,
    0.8583637644904001,
    0.8378835293906075,
    0.7744821531432016,
    1.783841864177159,
    1.5241934509277344,
    1.1657085798808506,
    1.0739110283170428,
    1.0427929936136517,
    1.6691620697293963,
    0.9759349403381348,
    1.4748116166251046,
    1.0341262251990182,
    0.9913019001824516,
    1.0099233219964163,
    0.9222527689252581,
    0.889276988370078,
    0.9016526626859392,
    0.8506155276298523,
    0.8310324717930385,
    0.8146282253946577,
    0.8110742521286011,
    0.8129281921386718,
    0.7798853562899998,
    0.8107581287111555,
    0.7687513352121625,
    0.7235707807540893,
    0.7427355192729405,
    1.044416114807129,
    0.6991665205274309,
    0.6916213076455252,
    0.6921678932053702,
    0.6924706255367824,
    0.6248776810509818,
    0.6514232636860439,
    0.6196064236504691,
    0.9141883534703936,
    0.6769353756904603,
    0.6640410313606262,
    0.6318768495832171,
    0.6204750943183899,
    0.6594458619526454
  ],
  "test_acc": 83.44285714285714,
  "z_dim": 30,
  "hidden1": 300,
  "hidden2": 300,
  "learning_rate": 0.001,
  "batch_size": 128,
  "epochs": 60
}