{
  "beta": 0.05,
  "test_losses": [
    2.356935084206717,
    2.150617004122053,
    1.6334775246211461,
    1.3096397604261125,
    1.1847126517977034,
    1.0887736283711025,
    1.0153889534814018,
    0.9407202395711627,
    0.8898073227746146,
    0.8234828550474984,
    0.7732191593987601,
    0.7496275724683489,
    0.7334638271331787,
    0.7030339340482439,
    0.661530725138528,
    0.6320789153235299,
    0.6044048485074724,
    0.585123624256679,
    0.583133786882673,
    0.5744148419925145,
    0.5522016766411918,
    0.5602850096225739,
    0.5482681474685669,
    0.5431425352777753,
    0.5447863965715681,
    0.5490334852763584,
    0.5378314725330898,
    0.5488245568956648,
    0.5343412147930691,
    0.5340988231386458,
    0.5373382263183594,
    0.5224595813070024,
    0.5423298341206142,
    0.5284639383043561,
    0.526836485011237,
    0.5236011770112174,
    0.5254864924294608,
    0.5230116753578186,
    0.5183580431256976,
    0.5210720099721636,
    0.5261532264436994,
    0.5195881099700927,
    0.5124571559088571,
    0.5245162373951503,
    0.525834589276995,
    0.5154865486281258,
    0.5201765163285391,
    0.509244311605181,
    0.5169823875086648,
    0.5152113680158342,
    0.5125727074486869,
    0.512340768473489,
    0.5028358047349112,
    0.5091088060651506,
    0.5028016386032105,
    0.5085734159946441,
    0.5099955503940582,
    0.5076959359305245,
    0.5073840347698757,
    0.5107080564158304,
    0.5016023396764483,
    0.5009541328975132,
    0.4893103013719831,
    0.5002148860182081,
    0.4949762978553772,
    0.4945480350085667,
    0.4979765009539468,
    0.4788442392349243,
    0.49118321766172135,
    0.4795746965408325,
    0.48684430153029307,
    0.4874126960209438,
    0.479427549634661,
    0.489602676323482,
    0.48736217934744697,
    0.4788514336177281,
    0.4703286146095821,
    0.48203842421940396,
    0.4745504104069301,
    0.4805082289150783,
    0.47602876458849225,
    0.46879761981964113,
    0.46818993377685547,
    0.47234869521004813,
    0.4711894865036011,
    0.46770386505126954,
    0.4601051399707794,
    0.46864519000053406,
    0.46325803640910557,
    0.4662724756513323,
    0.46545486780575346,
    0.4632520637512207,
    0.4576172182219369,
    0.4672855048860822,
    0.46378404194968087,
    0.45969738497052876,
    0.4575921199321747,
    0.4624839344024658,
    0.45813999567713054,
    0.46078915040833607
  ],
  "test_acc": 94.82142857142857,
  "z_dim": 30,
  "hidden1": 300,
  "hidden2": 300,
  "learning_rate": 0.0001,
  "batch_size": 64,
  "epochs": 100
}