{
  "beta": 0.05,
  "test_losses": [
    6.5649117401668,
    6.365898176601955,
    6.157887325968061,
    5.787458760397775,
    5.459664491244725,
    5.294284653663635,
    5.120853390012469,
    5.016594733510699,
    4.896723403249468,
    4.819069743156433,
    4.770765365873064,
    4.729191088676453,
    4.701008612768991,
    4.669227749960763,
    4.651593153817313,
    4.633657601901463,
    4.617714820589338,
    4.603359341621399,
    4.596212639127459,
    4.582024683271135,
    4.57531247820173,
    4.568926187923976,
    4.563957394872393,
    4.554598692485264,
    4.5476988554000854,
    4.546916331563677,
    4.5373734848839895,
    4.537017485073634,
    4.530472108295986,
    4.527754889215742,
    4.524245262145996,
    4.52013886315482,
    4.517124019350324,
    4.518684884480067,
    4.517312138421195,
    4.511524288994925,
    4.512117324556623,
    4.5085054193224225,
    4.5062700441905434,
    4.5282169580459595,
    4.502733360018049,
    4.501106081690107,
    4.499112721851894,
    4.5021892377308435,
    4.499635400090899,
    4.497552132606506,
    4.4968561887741085,
    4.493672503743853,
    4.4971852847508025,
    4.492407849856785,
    4.504385277203151,
    4.493495031765529,
    4.493501673425947,
    4.489676867212568,
    4.492067054339818,
    4.490426407541547,
    4.490316111700875,
    4.50332932131631,
    4.491026326588222,
    4.486605906486512,
    4.4901546239852905,
    4.493283956391471,
    4.4890850612095425,
    4.49614622252328,
    4.489788791111537,
    4.487395930290222,
    4.488239029475621,
    4.488462281227112,
    4.485935258865356,
    4.486796828678676,
    4.486536312103271,
    4.487957297052656,
    4.485444705826896,
    4.493776076180595,
    4.496537181309291,
    4.483158874511719,
    4.48382385798863,
    4.484509835924421,
    4.486198438916888,
    4.489266388756889,
    4.483433011599949,
    4.48727628162929,
    4.488958273615156,
    4.482767517226083,
    4.484627791813442,
    4.487488317489624,
    4.485947128704616,
    4.4904731818607875,
    4.484464662415641,
    4.4855604137693135,
    4.486560906682696,
    4.48971404007503,
    4.485000566073826,
    4.488163760730198,
    4.485081498963492,
    4.489558550289699,
    4.484087664740426,
    4.486145911897932,
    4.487027645111084,
    4.487932103020804,
    4.485462726865496,
    4.489926855904716,
    4.490658974647522,
    4.486818494115557,
    4.485499770300729,
    4.487998356137957,
    4.491079466683524,
    4.485921917642866,
    4.4866567271096365,
    4.487336604935782,
    4.488028226579939,
    4.487529219899859,
    4.486995782170977,
    4.486275935173035,
    4.485859962872096,
    4.490185502597264,
    4.488696796553476,
    4.489878164018903,
    4.483823142732892,
    4.488926471982683,
    4.493943636757987,
    4.488672692435128,
    4.494901374408177,
    4.488220517975943,
    4.485871648788452,
    4.4883859940937585,
    4.4920965194702145,
    4.48641757283892,
    4.488158130645752,
    4.488540870802743,
    4.487949940136501,
    4.490012925011771,
    4.489798440252032,
    4.488350408417838,
    4.490581086703709,
    4.48925872189658,
    4.491052518572126,
    4.486663443701608,
    4.488392438207354,
    4.488562400000436,
    4.489225830350604,
    4.489122561046055,
    4.488145181110927,
    4.48916289465768,
    4.488259165627616,
    4.489906569889613,
    4.490831811087472,
    4.488212149483817,
    4.489019955907549,
    4.491696875435966,
    4.490031215122768,
    4.486354582650321,
    4.492113985334124,
    4.490804420198713,
    4.488856084006173,
    4.49018475328173,
    4.48636840070997,
    4.487566069194249,
    4.491718118531363,
    4.489369487762451,
    4.492674170221601,
    4.489776226452419,
    4.4910607951028005,
    4.4911827496119905,
    4.491720111029489,
    4.490261084692818,
    4.492254846436637,
    4.492349110330854,
    4.491355286325727,
    4.491111380713327,
    4.49143488407135,
    4.492826638902937,
    4.491534393174308,
    4.493426704406739,
    4.491036527497428,
    4.491683793067932,
    4.492475499425615,
    4.493917853491647,
    4.493383199828012,
    4.491245906693595,
    4.492877755846296,
    4.490738163675581,
    4.492484637669155,
    4.492865800857544,
    4.494121336936951,
    4.491577880723136,
    4.492020998682294,
    4.494281608717782,
    4.491961182866778,
    4.493975036484855,
    4.491909486906869,
    4.494636160986764,
    4.493425849505833,
    4.491196366718837,
    4.4908702271325245,
    4.49089115687779,
    4.491364053317478,
    4.495005379404341,
    4.4935557671955655,
    4.493214327948434
  ],
  "test_acc": 96.77142857142857,
  "z_dim": 30,
  "hidden1": 300,
  "hidden2": 300,
  "learning_rate": 0.0001,
  "batch_size": 100,
  "epochs": 200
}