{
  "test_losses": [
    4.4030278818947926,
    3.651260738713401,
    3.4254562497138976,
    3.3872544714382715,
    3.463371409688677,
    3.4058849573135377,
    3.331591716834477,
    3.3099535805838447,
    3.3134865403175353,
    3.2916525891848973,
    3.357398537227086,
    3.336929452419281,
    3.3118333424840656,
    3.294642295156206,
    3.2864080684525625,
    3.2825995547430855,
    3.366057525362287,
    3.2855435882295883,
    3.303209378038134,
    3.3364202652658737,
    3.267736904961722,
    3.3334238035338264,
    3.29978665964944,
    3.2780949643680026,
    3.3747303553989956
  ],
  "test_acc": 88.21428571428571,
  "beta": 0.01,
  "z_dim": 75,
  "hidden1": 300,
  "hidden2": 100,
  "learning_rate": 0.001,
  "batch_size": 100,
  "epochs": 25
}