{
  "beta": 0.01,
  "test_losses": [
    5.025180424826486,
    4.920546043940953,
    4.703116958618164,
    4.425056735447475,
    3.9003552943638393,
    3.456577584402902,
    3.2849925185612268,
    3.222264128821237,
    3.1922375804356165,
    3.167892223085676,
    3.1514965188162667,
    3.1445389036451066,
    3.129657126562936,
    3.11817409324646,
    3.1072509566715785,
    3.1059455803462437,
    3.1039726017543248,
    3.1138206939697266,
    3.1020297614506314,
    3.090276974814279,
    3.0846866057259694,
    3.0832213908604214,
    3.0869398389543807,
    3.072777719770159,
    3.0733305702209472,
    3.0823637741633823,
    3.071304877962385,
    3.0664086611611503,
    3.069005892072405,
    3.068465566090175,
    3.064502179827009,
    3.068051605224609,
    3.0580372952052524,
    3.063307528632028,
    3.0618615782601495,
    3.066699516296387,
    3.0707133132389615,
    3.063518953868321,
    3.0623797822679792,
    3.064973567690168,
    3.0585063746316092,
    3.0829330204554966,
    3.074024722508022,
    3.0684901659829276,
    3.0713306225367956,
    3.0665554291861397,
    3.06358174596514,
    3.0623567371368408,
    3.0640317268371584,
    3.0644989643096925,
    3.0635538981301442,
    3.0689708736964634,
    3.0601155071258543,
    3.072551465715681,
    3.068377972194127,
    3.0666127962384904,
    3.071639980861119,
    3.0727828099387033,
    3.0699343880244663,
    3.070870690754482,
    3.0702609462738035,
    3.0739563020978653,
    3.0717910011836462,
    3.0787113028935025,
    3.073470908028739,
    3.0741679352351596,
    3.0811769292013986,
    3.087451887675694,
    3.078024526323591,
    3.079533699308123,
    3.079457724707467,
    3.0868986813681465,
    3.0802548615591867,
    3.084814615522112,
    3.0875570343562533,
    3.090856804439,
    3.086798718861171,
    3.085855157307216,
    3.092208370753697,
    3.091315229143415,
    3.091008610316685,
    3.0860201285226005,
    3.0924319675990515,
    3.092330307824271,
    3.0905426731109618,
    3.0941473345075337,
    3.0949812883649552,
    3.092315719604492,
    3.096495746067592,
    3.0937410180228095,
    3.0976153905051094,
    3.0959053802490235,
    3.0927234213692802,
    3.100292814527239,
    3.096625999178205,
    3.1066715278625487,
    3.1026822629656112,
    3.099858021054949,
    3.102626205716814,
    3.1011747752598353
  ],
  "test_acc": 94.72857142857143,
  "z_dim": 75,
  "hidden1": 300,
  "hidden2": 300,
  "learning_rate": 0.0001,
  "batch_size": 64,
  "epochs": 100
}