{
  "beta": 0.0001,
  "test_losses": [
    0.374510395356587,
    0.268366297347205,
    0.22126566648483276,
    0.20091038530213493,
    0.19111329688344683,
    0.1822567195381437,
    0.1834174508026668,
    0.18957368161848615,
    0.19591313506875718,
    0.18070243179798126,
    0.17793410462992532,
    0.18093613192013333,
    0.17412576401233673,
    0.1770311200448445,
    0.18714436688167707,
    0.18637931268555777,
    0.18704547357559204,
    0.1839674092531204,
    0.19417406097480228,
    0.19847001661573138,
    0.18203440751348224,
    0.18413710709980555,
    0.19086866630826677,
    0.18737226133687154,
    0.18742376101016997,
    0.19497705820628575,
    0.1792279762029648,
    0.1791276397705078,
    0.18236791426794868,
    0.2330779564380646,
    0.19467948928049633,
    0.1966626911844526,
    0.18894054203799793,
    0.1833553649187088,
    0.25923635787623267,
    0.19970588379246848,
    0.19584315215689796,
    0.18991672466482434,
    0.1907227505190032,
    0.1937925056729998,
    0.22028530413763864,
    0.21150438608442035,
    0.1985666286434446,
    0.19397484958171846,
    0.2051819996876376,
    0.22368246814182827,
    0.20178412282892635,
    0.19693932008743287,
    0.19359631058147975,
    0.19503319902079447
  ],
  "test_acc": 96.72142857142858,
  "z_dim": 75,
  "hidden1": 300,
  "hidden2": 300,
  "learning_rate": 0.0001,
  "batch_size": 64,
  "epochs": 50
}