{
  "betas": [
    0.3,
    0.25,
    0.2,
    0.15,
    0.1,
    0.05,
    0.01
  ],
  "acc_list": [
    66.68571428571428,
    69.99285714285715,
    82.78571428571429,
    83.52857142857142,
    90.88571428571429,
    94.81428571428572,
    97.1
  ]
}