{
  "betas": [
    0.5,
    0.4,
    0.3,
    0.2,
    0.1,
    0.05,
    0.01,
    0.005
  ],
  "loss_acc_list": [
    [
      2.4895423627580917,
      10.621428571428572
    ],
    [
      2.3273195972442626,
      24.685714285714287
    ],
    [
      1.465520527430943,
      86.82142857142857
    ],
    [
      1.0803061053412302,
      90.71428571428571
    ],
    [
      0.8658852823121207,
      88.21428571428571
    ],
    [
      0.535130925825664,
      94.41428571428571
    ],
    [
      0.2645045598915645,
      96.57142857142857
    ],
    [
      0.19624482376234872,
      97.16428571428571
    ]
  ]
}